{"temperature":19,"temp_rate":71.92118,"vibration_g":0.00265,"voltage_raw":0,"voltage_pin":0,"voltage_real":0}
2026-04-22T01:09:39.231Z,undefined,undefined,undefined

{"temperature":19,"temp_rate":0,"vibration_g":0.005142,"voltage_raw":0,"voltage_pin":0,"voltage_real":0}
2026-04-22T01:09:41.420Z,undefined,undefined,undefined

{"temperature":19,"temp_rate":0,"vibration_g":0.007324,"voltage_raw":0,"voltage_pin":0,"voltage_real":0}
2026-04-22T01:09:43.642Z,undefined,undefined,undefined

{"temperature":19,"temp_rate":0,"vibration_g":0.009265,"voltage_raw":0,"voltage_pin":0,"voltage_real":0}
2026-04-22T01:09:45.802Z,undefined,undefined,undefined

{"temperature":19,"temp_rate":0,"vibration_g":0.010944,"voltage_raw":0,"voltage_pin":0,"voltage_real":0}
2026-04-22T01:09:48.075Z,undefined,undefined,undefined

{"temperature":19,"temp_rate":0,"vibration_g":0.012484,"voltage_raw":0,"voltage_pin":0,"voltage_real":0}
2026-04-22T01:09:50.188Z,undefined,undefined,undefined

{"temperature":19,"temp_rate":0,"vibration_g":0.013806,"voltage_raw":0,"voltage_pin":0,"voltage_real":0}
2026-04-22T01:09:52.401Z,undefined,undefined,undefined

{"temperature":19,"temp_rate":0,"vibration_g":0.015085,"voltage_raw":0,"voltage_pin":0,"voltage_real":0}
2026-04-22T01:09:54.574Z,undefined,undefined,undefined

{"temperature":19,"temp_rate":0,"vibration_g":0.016247,"voltage_raw":0,"voltage_pin":0,"voltage_real":0}
2026-04-22T01:09:56.768Z,undefined,undefined,undefined

{"temperature":19,"temp_rate":0,"vibration_g":0.017428,"voltage_raw":0,"voltage_pin":0,"voltage_real":0}
2026-04-22T01:09:58.961Z,undefined,undefined,undefined

{"temperature":19,"temp_rate":0,"vibration_g":0.018153,"voltage_raw":0,"voltage_pin":0,"voltage_real":0}
2026-04-22T01:10:01.151Z,undefined,undefined,undefined

{"temperature":19,"temp_rate":0,"vibration_g":0.018931,"voltage_raw":0,"voltage_pin":0,"voltage_real":0}
2026-04-22T01:10:03.344Z,undefined,undefined,undefined

{"temperature":19,"temp_rate":0,"vibration_g":0.019733,"voltage_raw":0,"voltage_pin":0,"voltage_real":0}
2026-04-22T01:10:05.564Z,undefined,undefined,undefined

{"temperature":19,"temp_rate":0,"vibration_g":0.02038,"voltage_raw":0,"voltage_pin":0,"voltage_real":0}
2026-04-22T01:10:07.745Z,undefined,undefined,undefined

{"temperature":19,"temp_rate":0,"vibration_g":0.021031,"voltage_raw":0,"voltage_pin":0,"voltage_real":0}
2026-04-22T01:10:09.922Z,undefined,undefined,undefined

{"temperature":19,"temp_rate":0,"vibration_g":0.02153,"voltage_raw":0,"voltage_pin":0,"voltage_real":0}
2026-04-22T01:10:12.124Z,undefined,undefined,undefined

{"temperature":19.0625,"temp_rate":0.0285,"vibration_g":0.021992,"voltage_raw":0,"voltage_pin":0,"voltage_real":0}
2026-04-22T01:10:14.308Z,undefined,undefined,undefined

{"temperature":19.0625,"temp_rate":0,"vibration_g":0.022405,"voltage_raw":0,"voltage_pin":0,"voltage_real":0}
2026-04-22T01:10:16.498Z,undefined,undefined,undefined

{"temperature":19.0625,"temp_rate":0,"vibration_g":0.022877,"voltage_raw":0,"voltage_pin":0,"voltage_real":0}
2026-04-22T01:10:18.786Z,undefined,undefined,undefined

{"temperature":19.0625,"temp_rate":0,"vibration_g":0.024331,"voltage_raw":0,"voltage_pin":0,"voltage_real":0}
2026-04-22T01:10:20.891Z,undefined,undefined,undefined

{"temperature":19.0625,"temp_rate":0,"vibration_g":0.024637,"voltage_raw":0,"voltage_pin":0,"voltage_real":0}
2026-04-22T01:10:23.223Z,undefined,undefined,undefined

{"temperature":19.0625,"temp_rate":0,"vibration_g":0.024853,"voltage_raw":0,"voltage_pin":0,"voltage_real":0}
2026-04-22T01:10:25.335Z,undefined,undefined,undefined

{"temperature":19.0625,"temp_rate":0,"vibration_g":0.025052,"voltage_raw":0,"voltage_pin":0,"voltage_real":0}
2026-04-22T01:10:27.459Z,undefined,undefined,undefined

{"temperature":19.0625,"temp_rate":0,"vibration_g":0.025037,"voltage_raw":0,"voltage_pin":0,"voltage_real":0}
2026-04-22T01:10:29.656Z,undefined,undefined,undefined

{"temperature":19.0625,"temp_rate":0,"vibration_g":0.025184,"voltage_raw":0,"voltage_pin":0,"voltage_real":0}
2026-04-22T01:10:31.844Z,undefined,undefined,undefined

{"temperature":19.0625,"temp_rate":0,"vibration_g":0.0253,"voltage_raw":0,"voltage_pin":0,"voltage_real":0}
2026-04-22T01:10:34.035Z,undefined,undefined,undefined

{"temperature":19.125,"temp_rate":0.028513,"vibration_g":0.025208,"voltage_raw":0,"voltage_pin":0,"voltage_real":0}
2026-04-22T01:10:36.228Z,undefined,undefined,undefined

{"temperature":19.125,"temp_rate":0,"vibration_g":0.025291,"voltage_raw":0,"voltage_pin":0,"voltage_real":0}
2026-04-22T01:10:38.420Z,undefined,undefined,undefined

{"temperature":19.125,"temp_rate":0,"vibration_g":0.025328,"voltage_raw":0,"voltage_pin":0,"voltage_real":0}
2026-04-22T01:10:40.687Z,undefined,undefined,undefined

{"temperature":19.125,"temp_rate":66.69329,"vibration_g":0.025262,"voltage_raw":0,"voltage_pin":0,"voltage_real":0}
2026-04-22T01:10:45.023Z,undefined,undefined,undefined

{"temperature":19.125,"temp_rate":0,"vibration_g":0.02523,"voltage_raw":0,"voltage_pin":0,"voltage_real":0}
2026-04-22T01:10:47.194Z,undefined,undefined,undefined

{"temperature":19.125,"temp_rate":0,"vibration_g":0.025199,"voltage_raw":0,"voltage_pin":0,"voltage_real":0}
2026-04-22T01:10:49.498Z,undefined,undefined,undefined

{"temperature":19.125,"temp_rate":0,"vibration_g":0.025162,"voltage_raw":0,"voltage_pin":0,"voltage_real":0}
2026-04-22T01:10:51.578Z,undefined,undefined,undefined

{"temperature":19.125,"temp_rate":0,"vibration_g":0.025386,"voltage_raw":0,"voltage_pin":0,"voltage_real":0}
2026-04-22T01:10:53.763Z,undefined,undefined,undefined

{"temperature":19.125,"temp_rate":0,"vibration_g":0.025455,"voltage_raw":0,"voltage_pin":0,"voltage_real":0}
2026-04-22T01:10:55.954Z,undefined,undefined,undefined

{"temperature":19.125,"temp_rate":0,"vibration_g":0.025578,"voltage_raw":0,"voltage_pin":0,"voltage_real":0}
2026-04-22T01:10:58.204Z,undefined,undefined,undefined

{"temperature":19.125,"temp_rate":0,"vibration_g":0.025519,"voltage_raw":0,"voltage_pin":0,"voltage_real":0}
2026-04-22T01:11:00.411Z,undefined,undefined,undefined

{"temperature":19.125,"temp_rate":0,"vibration_g":0.025381,"voltage_raw":0,"voltage_pin":0,"voltage_real":0}
2026-04-22T01:11:02.533Z,undefined,undefined,undefined

{"temperature":19.125,"temp_rate":0,"vibration_g":0.025319,"voltage_raw":0,"voltage_pin":0,"voltage_real":0}
2026-04-22T01:11:04.725Z,undefined,undefined,undefined

{"temperature":19.125,"temp_rate":0,"vibration_g":0.025335,"voltage_raw":0,"voltage_pin":0,"voltage_real":0}
2026-04-22T01:11:06.946Z,undefined,undefined,undefined

{"temperature":19.125,"temp_rate":0,"vibration_g":0.025172,"voltage_raw":0,"voltage_pin":0,"voltage_real":0}
2026-04-22T01:11:09.111Z,undefined,undefined,undefined

{"temperature":19.1875,"temp_rate":0.028513,"vibration_g":0.025404,"voltage_raw":0,"voltage_pin":0,"voltage_real":0}
2026-04-22T01:11:11.424Z,undefined,undefined,undefined

{"temperature":19.1875,"temp_rate":0,"vibration_g":0.025387,"voltage_raw":0,"voltage_pin":0,"voltage_real":0}
2026-04-22T01:11:13.493Z,undefined,undefined,undefined

{"temperature":19.125,"temp_rate":-0.028513,"vibration_g":0.0253,"voltage_raw":0,"voltage_pin":0,"voltage_real":0}
2026-04-22T01:11:15.686Z,undefined,undefined,undefined

{"temperature":19.125,"temp_rate":0,"vibration_g":0.025281,"voltage_raw":0,"voltage_pin":0,"voltage_real":0}
2026-04-22T01:11:17.897Z,undefined,undefined,undefined

{"temperature":19.1875,"temp_rate":0.028526,"vibration_g":0.025253,"voltage_raw":0,"voltage_pin":0,"voltage_real":0}
2026-04-22T01:11:20.069Z,undefined,undefined,undefined

{"temperature":19.1875,"temp_rate":0,"vibration_g":0.025251,"voltage_raw":0,"voltage_pin":0,"voltage_real":0}
2026-04-22T01:11:22.262Z,undefined,undefined,undefined

{"temperature":19.1875,"temp_rate":0,"vibration_g":0.02534,"voltage_raw":0,"voltage_pin":0,"voltage_real":0}
2026-04-22T01:11:26.796Z,undefined,undefined,undefined

{"temperature":19.1875,"temp_rate":0,"vibration_g":0.025382,"voltage_raw":0,"voltage_pin":0,"voltage_real":0}
2026-04-22T01:11:26.860Z,undefined,undefined,undefined

{"temperature":19.1875,"temp_rate":0,"vibration_g":0.025422,"voltage_raw":0,"voltage_pin":0,"voltage_real":0}
2026-04-22T01:11:28.838Z,undefined,undefined,undefined

{"temperature":19.1875,"temp_rate":0,"vibration_g":0.025373,"voltage_raw":0,"voltage_pin":0,"voltage_real":0}
2026-04-22T01:11:31.044Z,undefined,undefined,undefined

{"temperature":19.1875,"temp_rate":0,"vibration_g":0.025254,"voltage_raw":0,"voltage_pin":0,"voltage_real":0}
2026-04-22T01:11:33.221Z,undefined,undefined,undefined

{"temperature":19.1875,"temp_rate":0,"vibration_g":0.025166,"voltage_raw":2902,"voltage_pin":2.338608,"voltage_real":11.99238}
2026-04-22T01:11:35.487Z,undefined,undefined,undefined

{"temperature":19.125,"temp_rate":-0.028513,"vibration_g":0.025085,"voltage_raw":2896,"voltage_pin":2.333773,"voltage_real":11.96759}
2026-04-22T01:11:37.612Z,undefined,undefined,undefined

{"temperature":19.125,"temp_rate":0,"vibration_g":0.024947,"voltage_raw":2896,"voltage_pin":2.333773,"voltage_real":11.96759}
2026-04-22T01:11:39.881Z,undefined,undefined,undefined

{"temperature":19.1875,"temp_rate":0.0285,"vibration_g":0.024916,"voltage_raw":2588,"voltage_pin":2.085568,"voltage_real":10.69479}
2026-04-22T01:11:42.024Z,undefined,undefined,undefined

{"temperature":19.1875,"temp_rate":0,"vibration_g":0.024858,"voltage_raw":2893,"voltage_pin":2.331355,"voltage_real":11.95519}
2026-04-22T01:11:44.278Z,undefined,undefined,undefined

{"temperature":19.1875,"temp_rate":0,"vibration_g":0.024861,"voltage_raw":2887,"voltage_pin":2.32652,"voltage_real":11.9304}
2026-04-22T01:11:46.381Z,undefined,undefined,undefined

{"temperature":19.1875,"temp_rate":0,"vibration_g":0.024829,"voltage_raw":2882,"voltage_pin":2.322491,"voltage_real":11.90973}
2026-04-22T01:11:48.569Z,undefined,undefined,undefined

{"temperature":19.1875,"temp_rate":0,"vibration_g":0.024711,"voltage_raw":2885,"voltage_pin":2.324908,"voltage_real":11.92213}
2026-04-22T01:11:50.760Z,undefined,undefined,undefined

{"temperature":19.1875,"temp_rate":0,"vibration_g":0.024675,"voltage_raw":2899,"voltage_pin":2.33619,"voltage_real":11.97998}
2026-04-22T01:11:53.102Z,undefined,undefined,undefined

{"temperature":19.1875,"temp_rate":0,"vibration_g":0.024672,"voltage_raw":2909,"voltage_pin":2.344249,"voltage_real":12.02131}
2026-04-22T01:11:55.151Z,undefined,undefined,undefined

{"temperature":19.1875,"temp_rate":0,"vibration_g":0.024653,"voltage_raw":2911,"voltage_pin":2.345861,"voltage_real":12.02957}
2026-04-22T01:11:57.337Z,undefined,undefined,undefined

{"temperature":19.1875,"temp_rate":0,"vibration_g":0.024642,"voltage_raw":2883,"voltage_pin":2.323297,"voltage_real":11.91387}
2026-04-22T01:11:59.546Z,undefined,undefined,undefined

{"temperature":19.1875,"temp_rate":0,"vibration_g":0.024643,"voltage_raw":2886,"voltage_pin":2.325714,"voltage_real":11.92626}
2026-04-22T01:12:01.724Z,undefined,undefined,undefined

{"temperature":19.1875,"temp_rate":0,"vibration_g":0.024607,"voltage_raw":2886,"voltage_pin":2.325714,"voltage_real":11.92626}
2026-04-22T01:12:03.913Z,undefined,undefined,undefined

{"temperature":19.1875,"temp_rate":0,"vibration_g":0.024676,"voltage_raw":2880,"voltage_pin":2.320879,"voltage_real":11.90147}
2026-04-22T01:12:06.213Z,undefined,undefined,undefined

{"temperature":19.1875,"temp_rate":0,"vibration_g":0.024649,"voltage_raw":2881,"voltage_pin":2.321685,"voltage_real":11.9056}
2026-04-22T01:12:08.297Z,undefined,undefined,undefined

{"temperature":19.1875,"temp_rate":0,"vibration_g":0.024676,"voltage_raw":2873,"voltage_pin":2.315238,"voltage_real":11.87254}
2026-04-22T01:12:10.489Z,undefined,undefined,undefined

{"temperature":19.1875,"temp_rate":0,"vibration_g":0.024663,"voltage_raw":2878,"voltage_pin":2.319268,"voltage_real":11.8932}
2026-04-22T01:12:12.704Z,undefined,undefined,undefined

{"temperature":19.1875,"temp_rate":0,"vibration_g":0.024664,"voltage_raw":2881,"voltage_pin":2.321685,"voltage_real":11.9056}
2026-04-22T01:12:14.877Z,undefined,undefined,undefined

{"temperature":19.1875,"temp_rate":0,"vibration_g":0.02469,"voltage_raw":2872,"voltage_pin":2.314432,"voltage_real":11.86841}
2026-04-22T01:12:17.072Z,undefined,undefined,undefined

{"temperature":19.1875,"temp_rate":0,"vibration_g":0.024653,"voltage_raw":2881,"voltage_pin":2.321685,"voltage_real":11.9056}
2026-04-22T01:12:19.260Z,undefined,undefined,undefined

{"temperature":19.1875,"temp_rate":0,"vibration_g":0.024547,"voltage_raw":0,"voltage_pin":0,"voltage_real":0}
2026-04-22T01:12:21.469Z,undefined,undefined,undefined

{"temperature":19.1875,"temp_rate":0,"vibration_g":0.024564,"voltage_raw":0,"voltage_pin":0,"voltage_real":0}
2026-04-22T01:12:23.643Z,undefined,undefined,undefined

{"temperature":19.1875,"temp_rate":0,"vibration_g":0.02477,"voltage_raw":0,"voltage_pin":0,"voltage_real":0}
2026-04-22T01:12:25.838Z,undefined,undefined,undefined

{"temperature":19.1875,"temp_rate":0,"vibration_g":0.024815,"voltage_raw":0,"voltage_pin":0,"voltage_real":0}
2026-04-22T01:12:28.135Z,undefined,undefined,undefined

{"temperature":19.1875,"temp_rate":0,"vibration_g":0.024759,"voltage_raw":0,"voltage_pin":0,"voltage_real":0}
2026-04-22T01:12:30.248Z,undefined,undefined,undefined

{"temperature":19.1875,"temp_rate":0,"vibration_g":0.024706,"voltage_raw":0,"voltage_pin":0,"voltage_real":0}
2026-04-22T01:12:32.414Z,undefined,undefined,undefined

{"temperature":19.1875,"temp_rate":0,"vibration_g":0.02459,"voltage_raw":0,"voltage_pin":0,"voltage_real":0}
2026-04-22T01:12:34.607Z,undefined,undefined,undefined

{"temperature":19.1875,"temp_rate":0,"vibration_g":0.024638,"voltage_raw":0,"voltage_pin":0,"voltage_real":0}
2026-04-22T01:12:36.935Z,undefined,undefined,undefined

{"temperature":19.25,"temp_rate":0.028513,"vibration_g":0.024617,"voltage_raw":0,"voltage_pin":0,"voltage_real":0}
2026-04-22T01:12:38.994Z,undefined,undefined,undefined

{"temperature":19.25,"temp_rate":0,"vibration_g":0.024553,"voltage_raw":0,"voltage_pin":0,"voltage_real":0}
2026-04-22T01:12:41.184Z,undefined,undefined,undefined

{"temperature":19.1875,"temp_rate":-0.028513,"vibration_g":0.024578,"voltage_raw":0,"voltage_pin":0,"voltage_real":0}
2026-04-22T01:12:43.380Z,undefined,undefined,undefined

{"temperature":19.1875,"temp_rate":0,"vibration_g":0.024588,"voltage_raw":0,"voltage_pin":0,"voltage_real":0}
2026-04-22T01:12:45.611Z,undefined,undefined,undefined

{"temperature":19.1875,"temp_rate":0,"vibration_g":0.024605,"voltage_raw":0,"voltage_pin":0,"voltage_real":0}
2026-04-22T01:12:47.762Z,undefined,undefined,undefined

{"temperature":19.1875,"temp_rate":0,"vibration_g":0.024575,"voltage_raw":0,"voltage_pin":0,"voltage_real":0}
2026-04-22T01:12:49.952Z,undefined,undefined,undefined

{"temperature":19.25,"temp_rate":0.0285,"vibration_g":0.02457,"voltage_raw":0,"voltage_pin":0,"voltage_real":0}
2026-04-22T01:12:52.147Z,undefined,undefined,undefined

{"temperature":19.25,"temp_rate":0,"vibration_g":0.024543,"voltage_raw":0,"voltage_pin":0,"voltage_real":0}
2026-04-22T01:12:54.339Z,undefined,undefined,undefined

{"temperature":19.25,"temp_rate":0,"vibration_g":0.024541,"voltage_raw":0,"voltage_pin":0,"voltage_real":0}
2026-04-22T01:12:56.529Z,undefined,undefined,undefined

{"temperature":19.25,"temp_rate":0,"vibration_g":0.024518,"voltage_raw":0,"voltage_pin":0,"voltage_real":0}
2026-04-22T01:12:58.841Z,undefined,undefined,undefined

{"temperature":19.25,"temp_rate":0,"vibration_g":0.024463,"voltage_raw":0,"voltage_pin":0,"voltage_real":0}
2026-04-22T01:13:00.942Z,undefined,undefined,undefined

{"temperature":19.25,"temp_rate":0,"vibration_g":0.024389,"voltage_raw":0,"voltage_pin":0,"voltage_real":0}
2026-04-22T01:13:03.104Z,undefined,undefined,undefined

{"temperature":19.25,"temp_rate":0,"vibration_g":0.024384,"voltage_raw":0,"voltage_pin":0,"voltage_real":0}
2026-04-22T01:13:05.303Z,undefined,undefined,undefined

{"temperature":19.25,"temp_rate":0,"vibration_g":0.024423,"voltage_raw":0,"voltage_pin":0,"voltage_real":0}
2026-04-22T01:13:07.489Z,undefined,undefined,undefined

{"temperature":19.1875,"temp_rate":-0.0285,"vibration_g":0.024413,"voltage_raw":0,"voltage_pin":0,"voltage_real":0}
2026-04-22T01:13:09.682Z,undefined,undefined,undefined

{"temperature":19.1875,"temp_rate":0,"vibration_g":0.024352,"voltage_raw":0,"voltage_pin":0,"voltage_real":0}
2026-04-22T01:13:11.960Z,undefined,undefined,undefined

{"temperature":19.25,"temp_rate":0.028513,"vibration_g":0.024374,"voltage_raw":0,"voltage_pin":0,"voltage_real":0}
2026-04-22T01:13:14.086Z,undefined,undefined,undefined

{"temperature":19.25,"temp_rate":0,"vibration_g":0.024352,"voltage_raw":0,"voltage_pin":0,"voltage_real":0}
2026-04-22T01:13:16.268Z,undefined,undefined,undefined

{"temperature":19.25,"temp_rate":0,"vibration_g":0.024448,"voltage_raw":0,"voltage_pin":0,"voltage_real":0}
2026-04-22T01:13:18.452Z,undefined,undefined,undefined

{"temperature":19.25,"temp_rate":0,"vibration_g":0.024464,"voltage_raw":0,"voltage_pin":0,"voltage_real":0}
2026-04-22T01:13:20.751Z,undefined,undefined,undefined

{"temperature":19.25,"temp_rate":0,"vibration_g":0.024498,"voltage_raw":0,"voltage_pin":0,"voltage_real":0}
2026-04-22T01:13:22.834Z,undefined,undefined,undefined

{"temperature":19.25,"temp_rate":0,"vibration_g":0.024568,"voltage_raw":0,"voltage_pin":0,"voltage_real":0}
2026-04-22T01:13:25.114Z,undefined,undefined,undefined

{"temperature":19.1875,"temp_rate":-0.0285,"vibration_g":0.024583,"voltage_raw":0,"voltage_pin":0,"voltage_real":0}
2026-04-22T01:13:27.229Z,undefined,undefined,undefined

{"temperature":19.1875,"temp_rate":0,"vibration_g":0.024533,"voltage_raw":0,"voltage_pin":0,"voltage_real":0}
2026-04-22T01:13:29.413Z,undefined,undefined,undefined

{"temperature":19.1875,"temp_rate":0,"vibration_g":0.024529,"voltage_raw":0,"voltage_pin":0,"voltage_real":0}
2026-04-22T01:13:31.604Z,undefined,undefined,undefined

{"temperature":19.1875,"temp_rate":0,"vibration_g":0.024481,"voltage_raw":0,"voltage_pin":0,"voltage_real":0}
2026-04-22T01:13:33.864Z,undefined,undefined,undefined

{"temperature":19.25,"temp_rate":0.028513,"vibration_g":0.024436,"voltage_raw":0,"voltage_pin":0,"voltage_real":0}
2026-04-22T01:13:35.990Z,undefined,undefined,undefined

{"temperature":19.25,"temp_rate":0,"vibration_g":0.024434,"voltage_raw":0,"voltage_pin":0,"voltage_real":0}
2026-04-22T01:13:38.179Z,undefined,undefined,undefined

{"temperature":19.25,"temp_rate":0,"vibration_g":0.024482,"voltage_raw":0,"voltage_pin":0,"voltage_real":0}
2026-04-22T01:13:40.412Z,undefined,undefined,undefined

{"temperature":19.25,"temp_rate":0,"vibration_g":0.024477,"voltage_raw":0,"voltage_pin":0,"voltage_real":0}
2026-04-22T01:13:42.657Z,undefined,undefined,undefined

{"temperature":19.1875,"temp_rate":-0.0285,"vibration_g":0.024472,"voltage_raw":0,"voltage_pin":0,"voltage_real":0}
2026-04-22T01:13:44.814Z,undefined,undefined,undefined

{"temperature":19.1875,"temp_rate":0,"vibration_g":0.024511,"voltage_raw":0,"voltage_pin":0,"voltage_real":0}
2026-04-22T01:13:46.949Z,undefined,undefined,undefined

{"temperature":19.1875,"temp_rate":0,"vibration_g":0.024502,"voltage_raw":0,"voltage_pin":0,"voltage_real":0}
2026-04-22T01:13:49.142Z,undefined,undefined,undefined

{"temperature":19.1875,"temp_rate":0,"vibration_g":0.024473,"voltage_raw":0,"voltage_pin":0,"voltage_real":0}
2026-04-22T01:13:51.335Z,undefined,undefined,undefined

{"temperature":19.25,"temp_rate":0.028513,"vibration_g":0.024406,"voltage_raw":0,"voltage_pin":0,"voltage_real":0}
2026-04-22T01:13:53.809Z,undefined,undefined,undefined

{"temperature":19.25,"temp_rate":0,"vibration_g":0.024355,"voltage_raw":0,"voltage_pin":0,"voltage_real":0}
2026-04-22T01:13:55.720Z,undefined,undefined,undefined

{"temperature":19.25,"temp_rate":0,"vibration_g":0.024325,"voltage_raw":0,"voltage_pin":0,"voltage_real":0}
2026-04-22T01:13:57.913Z,undefined,undefined,undefined

{"temperature":19.25,"temp_rate":0,"vibration_g":0.024408,"voltage_raw":0,"voltage_pin":0,"voltage_real":0}
2026-04-22T01:14:00.107Z,undefined,undefined,undefined

{"temperature":19.25,"temp_rate":0,"vibration_g":0.024481,"voltage_raw":0,"voltage_pin":0,"voltage_real":0}
2026-04-22T01:14:02.305Z,undefined,undefined,undefined

{"temperature":19.25,"temp_rate":0,"vibration_g":0.024508,"voltage_raw":0,"voltage_pin":0,"voltage_real":0}
2026-04-22T01:14:04.583Z,undefined,undefined,undefined

{"temperature":19.25,"temp_rate":0,"vibration_g":0.024449,"voltage_raw":0,"voltage_pin":0,"voltage_real":0}
2026-04-22T01:14:06.732Z,undefined,undefined,undefined

{"temperature":19.25,"temp_rate":0,"vibration_g":0.024442,"voltage_raw":0,"voltage_pin":0,"voltage_real":0}
2026-04-22T01:14:08.987Z,undefined,undefined,undefined

{"temperature":19.25,"temp_rate":0,"vibration_g":0.024407,"voltage_raw":0,"voltage_pin":0,"voltage_real":0}
2026-04-22T01:14:11.128Z,undefined,undefined,undefined

{"temperature":19.25,"temp_rate":0,"vibration_g":0.024443,"voltage_raw":0,"voltage_pin":0,"voltage_real":0}
2026-04-22T01:14:13.258Z,undefined,undefined,undefined

{"temperature":19.1875,"temp_rate":-0.028513,"vibration_g":0.024387,"voltage_raw":0,"voltage_pin":0,"voltage_real":0}
2026-04-22T01:14:15.518Z,undefined,undefined,undefined

{"temperature":19.1875,"temp_rate":0,"vibration_g":0.024376,"voltage_raw":0,"voltage_pin":0,"voltage_real":0}
2026-04-22T01:14:17.683Z,undefined,undefined,undefined

{"temperature":19.25,"temp_rate":0.0285,"vibration_g":0.0244,"voltage_raw":0,"voltage_pin":0,"voltage_real":0}
2026-04-22T01:14:19.891Z,undefined,undefined,undefined

{"temperature":19.25,"temp_rate":0,"vibration_g":0.024424,"voltage_raw":0,"voltage_pin":0,"voltage_real":0}
2026-04-22T01:14:22.087Z,undefined,undefined,undefined

{"temperature":19.25,"temp_rate":0,"vibration_g":0.024438,"voltage_raw":0,"voltage_pin":0,"voltage_real":0}
2026-04-22T01:14:24.301Z,undefined,undefined,undefined

{"temperature":19.25,"temp_rate":0,"vibration_g":0.024413,"voltage_raw":0,"voltage_pin":0,"voltage_real":0}
2026-04-22T01:14:26.415Z,undefined,undefined,undefined

{"temperature":19.25,"temp_rate":0,"vibration_g":0.024445,"voltage_raw":0,"voltage_pin":0,"voltage_real":0}
2026-04-22T01:14:28.604Z,undefined,undefined,undefined

{"temperature":19.25,"temp_rate":0,"vibration_g":0.02437,"voltage_raw":0,"voltage_pin":0,"voltage_real":0}
2026-04-22T01:14:30.907Z,undefined,undefined,undefined

{"temperature":19.1875,"temp_rate":-0.0285,"vibration_g":0.024405,"voltage_raw":0,"voltage_pin":0,"voltage_real":0}
2026-04-22T01:14:33.131Z,undefined,undefined,undefined

{"temperature":19.1875,"temp_rate":0,"vibration_g":0.024413,"voltage_raw":0,"voltage_pin":0,"voltage_real":0}
2026-04-22T01:14:35.182Z,undefined,undefined,undefined

{"temperature":19.25,"temp_rate":0.0285,"vibration_g":0.024426,"voltage_raw":0,"voltage_pin":0,"voltage_real":0}
2026-04-22T01:14:37.407Z,undefined,undefined,undefined

{"temperature":19.25,"temp_rate":0,"vibration_g":0.02443,"voltage_raw":0,"voltage_pin":0,"voltage_real":0}
2026-04-22T01:14:39.564Z,undefined,undefined,undefined

{"temperature":19.25,"temp_rate":0,"vibration_g":0.024467,"voltage_raw":0,"voltage_pin":0,"voltage_real":0}
2026-04-22T01:14:41.765Z,undefined,undefined,undefined

{"temperature":19.25,"temp_rate":0,"vibration_g":0.024467,"voltage_raw":0,"voltage_pin":0,"voltage_real":0}
2026-04-22T01:14:43.949Z,undefined,undefined,undefined

{"temperature":19.25,"temp_rate":0,"vibration_g":0.024465,"voltage_raw":0,"voltage_pin":0,"voltage_real":0}
2026-04-22T01:14:46.139Z,undefined,undefined,undefined

{"temperature":19.25,"temp_rate":0,"vibration_g":0.024445,"voltage_raw":0,"voltage_pin":0,"voltage_real":0}
2026-04-22T01:14:48.397Z,undefined,undefined,undefined

{"temperature":19.25,"temp_rate":0,"vibration_g":0.024406,"voltage_raw":0,"voltage_pin":0,"voltage_real":0}
2026-04-22T01:14:50.546Z,undefined,undefined,undefined

{"temperature":19.25,"temp_rate":0,"vibration_g":0.024318,"voltage_raw":0,"voltage_pin":0,"voltage_real":0}
2026-04-22T01:14:52.729Z,undefined,undefined,undefined

{"temperature":19.25,"temp_rate":0,"vibration_g":0.024297,"voltage_raw":0,"voltage_pin":0,"voltage_real":0}
2026-04-22T01:14:54.907Z,undefined,undefined,undefined

{"temperature":19.25,"temp_rate":0,"vibration_g":0.024275,"voltage_raw":0,"voltage_pin":0,"voltage_real":0}
2026-04-22T01:14:57.098Z,undefined,undefined,undefined

{"temperature":19.25,"temp_rate":0,"vibration_g":0.024261,"voltage_raw":0,"voltage_pin":0,"voltage_real":0}
2026-04-22T01:14:59.350Z,undefined,undefined,undefined

{"temperature":19.25,"temp_rate":0,"vibration_g":0.024254,"voltage_raw":0,"voltage_pin":0,"voltage_real":0}
2026-04-22T01:15:01.485Z,undefined,undefined,undefined

{"temperature":19.25,"temp_rate":0,"vibration_g":0.024295,"voltage_raw":0,"voltage_pin":0,"voltage_real":0}
2026-04-22T01:15:03.676Z,undefined,undefined,undefined

{"temperature":19.25,"temp_rate":0,"vibration_g":0.024328,"voltage_raw":0,"voltage_pin":0,"voltage_real":0}
2026-04-22T01:15:05.900Z,undefined,undefined,undefined

{"temperature":19.25,"temp_rate":0,"vibration_g":0.024302,"voltage_raw":0,"voltage_pin":0,"voltage_real":0}
2026-04-22T01:15:08.063Z,undefined,undefined,undefined

{"temperature":19.25,"temp_rate":0,"vibration_g":0.024364,"voltage_raw":0,"voltage_pin":0,"voltage_real":0}
2026-04-22T01:15:10.325Z,undefined,undefined,undefined

{"temperature":19.25,"temp_rate":0,"vibration_g":0.0243,"voltage_raw":0,"voltage_pin":0,"voltage_real":0}
2026-04-22T01:17:23.369Z,undefined,undefined,undefined

{"temperature":19.25,"temp_rate":0,"vibration_g":0.02431,"voltage_raw":0,"voltage_pin":0,"voltage_real":0}
2026-04-22T01:17:25.390Z,undefined,undefined,undefined

{"temperature":19.25,"temp_rate":0,"vibration_g":0.024316,"voltage_raw":0,"voltage_pin":0,"voltage_real":0}
2026-04-22T01:17:27.498Z,undefined,undefined,undefined

{"temperature":19.25,"temp_rate":0,"vibration_g":0.024269,"voltage_raw":0,"voltage_pin":0,"voltage_real":0}
2026-04-22T01:17:29.687Z,undefined,undefined,undefined

{"temperature":19.25,"temp_rate":0,"vibration_g":0.024541,"voltage_raw":0,"voltage_pin":0,"voltage_real":0}
2026-04-22T01:17:31.881Z,undefined,undefined,undefined

{"temperature":19.25,"temp_rate":0,"vibration_g":0.02468,"voltage_raw":0,"voltage_pin":0,"voltage_real":0}
2026-04-22T01:17:34.082Z,undefined,undefined,undefined

{"temperature":19.25,"temp_rate":0,"vibration_g":0.024757,"voltage_raw":0,"voltage_pin":0,"voltage_real":0}
2026-04-22T01:17:36.344Z,undefined,undefined,undefined

{"temperature":19.25,"temp_rate":0,"vibration_g":0.024723,"voltage_raw":0,"voltage_pin":0,"voltage_real":0}
2026-04-22T01:17:38.481Z,undefined,undefined,undefined

{"temperature":19.25,"temp_rate":0,"vibration_g":0.024747,"voltage_raw":0,"voltage_pin":0,"voltage_real":0}
2026-04-22T01:17:40.652Z,undefined,undefined,undefined

{"temperature":19.25,"temp_rate":0,"vibration_g":0.02474,"voltage_raw":0,"voltage_pin":0,"voltage_real":0}
2026-04-22T01:17:42.948Z,undefined,undefined,undefined

{"temperature":19.25,"temp_rate":0,"vibration_g":0.024643,"voltage_raw":0,"voltage_pin":0,"voltage_real":0}
2026-04-22T01:17:45.035Z,undefined,undefined,undefined

{"temperature":19.25,"temp_rate":0,"vibration_g":0.027984,"voltage_raw":0,"voltage_pin":0,"voltage_real":0}
2026-04-22T01:17:47.274Z,undefined,undefined,undefined

{"temperature":19.25,"temp_rate":0,"vibration_g":0.031057,"voltage_raw":0,"voltage_pin":0,"voltage_real":0}
2026-04-22T01:17:49.414Z,undefined,undefined,undefined

{"temperature":19.25,"temp_rate":0,"vibration_g":0.033411,"voltage_raw":0,"voltage_pin":0,"voltage_real":0}
2026-04-22T01:17:51.607Z,undefined,undefined,undefined

{"temperature":19.1875,"temp_rate":-0.028513,"vibration_g":0.035605,"voltage_raw":0,"voltage_pin":0,"voltage_real":0}
2026-04-22T01:17:53.797Z,undefined,undefined,undefined

{"temperature":19.1875,"temp_rate":0,"vibration_g":0.038345,"voltage_raw":0,"voltage_pin":0,"voltage_real":0}
2026-04-22T01:17:55.989Z,undefined,undefined,undefined

{"temperature":19.125,"temp_rate":-0.0285,"vibration_g":0.040239,"voltage_raw":0,"voltage_pin":0,"voltage_real":0}
2026-04-22T01:17:58.364Z,undefined,undefined,undefined

{"temperature":19.125,"temp_rate":0,"vibration_g":0.041544,"voltage_raw":0,"voltage_pin":0,"voltage_real":0}
2026-04-22T01:18:00.376Z,undefined,undefined,undefined

{"temperature":19.125,"temp_rate":0,"vibration_g":0.042137,"voltage_raw":0,"voltage_pin":0,"voltage_real":0}
2026-04-22T01:18:02.570Z,undefined,undefined,undefined

{"temperature":19.125,"temp_rate":0,"vibration_g":0.043131,"voltage_raw":0,"voltage_pin":0,"voltage_real":0}
2026-04-22T01:18:04.761Z,undefined,undefined,undefined

{"temperature":19.125,"temp_rate":0,"vibration_g":0.043872,"voltage_raw":0,"voltage_pin":0,"voltage_real":0}
2026-04-22T01:18:07.167Z,undefined,undefined,undefined

{"temperature":19.125,"temp_rate":0,"vibration_g":0.044867,"voltage_raw":0,"voltage_pin":0,"voltage_real":0}
2026-04-22T01:18:09.150Z,undefined,undefined,undefined

{"temperature":19.125,"temp_rate":0,"vibration_g":0.045145,"voltage_raw":0,"voltage_pin":0,"voltage_real":0}
2026-04-22T01:18:11.337Z,undefined,undefined,undefined

{"temperature":19.125,"temp_rate":0,"vibration_g":0.046407,"voltage_raw":0,"voltage_pin":0,"voltage_real":0}
2026-04-22T01:18:13.532Z,undefined,undefined,undefined

{"temperature":19.125,"temp_rate":71.98276,"vibration_g":0.005309,"voltage_raw":0,"voltage_pin":0,"voltage_real":0}
2026-04-22T01:18:19.617Z,undefined,undefined,undefined

{"temperature":19.125,"temp_rate":0,"vibration_g":0.01077,"voltage_raw":0,"voltage_pin":0,"voltage_real":0}
2026-04-22T01:18:21.906Z,undefined,undefined,undefined

{"temperature":19.125,"temp_rate":0,"vibration_g":0.015421,"voltage_raw":3773,"voltage_pin":3.040513,"voltage_real":15.59175}
2026-04-22T01:18:24.000Z,undefined,undefined,undefined

{"temperature":19.75,"temp_rate":67.00913,"vibration_g":0.037111,"voltage_raw":0,"voltage_pin":0,"voltage_real":0}
2026-04-22T01:19:17.011Z,undefined,undefined,undefined

{"temperature":20.875,"temp_rate":72.84483,"vibration_g":0.007843,"voltage_raw":0,"voltage_pin":0,"voltage_real":0}
2026-04-22T01:19:57.272Z,undefined,undefined,undefined

{"temperature":20.875,"temp_rate":0,"vibration_g":0.01447,"voltage_raw":0,"voltage_pin":0,"voltage_real":0}
2026-04-22T01:19:59.508Z,undefined,undefined,undefined

{"temperature":21,"temp_rate":0.057026,"vibration_g":0.021026,"voltage_raw":0,"voltage_pin":0,"voltage_real":0}
2026-04-22T01:20:01.654Z,undefined,undefined,undefined

{"temperature":21,"temp_rate":0,"vibration_g":0.027135,"voltage_raw":0,"voltage_pin":0,"voltage_real":0}
2026-04-22T01:20:03.848Z,undefined,undefined,undefined

{"temperature":21.1875,"temp_rate":0.085538,"vibration_g":0.032338,"voltage_raw":0,"voltage_pin":0,"voltage_real":0}
2026-04-22T01:20:06.061Z,undefined,undefined,undefined

{"temperature":21.1875,"temp_rate":0,"vibration_g":0.038173,"voltage_raw":0,"voltage_pin":0,"voltage_real":0}
2026-04-22T01:20:08.292Z,undefined,undefined,undefined

{"temperature":21.25,"temp_rate":0.028513,"vibration_g":0.042257,"voltage_raw":0,"voltage_pin":0,"voltage_real":0}
2026-04-22T01:20:10.424Z,undefined,undefined,undefined

{"temperature":21.25,"temp_rate":0,"vibration_g":0.046344,"voltage_raw":0,"voltage_pin":0,"voltage_real":0}
2026-04-22T01:20:12.622Z,undefined,undefined,undefined

{"temperature":21.5,"temp_rate":0.113999,"vibration_g":0.048494,"voltage_raw":0,"voltage_pin":0,"voltage_real":0}
2026-04-22T01:20:14.858Z,undefined,undefined,undefined

{"temperature":21.5,"temp_rate":0,"vibration_g":0.05182,"voltage_raw":0,"voltage_pin":0,"voltage_real":0}
2026-04-22T01:20:17.001Z,undefined,undefined,undefined

{"temperature":21.6875,"temp_rate":0.085538,"vibration_g":0.054819,"voltage_raw":0,"voltage_pin":0,"voltage_real":0}
2026-04-22T01:20:19.196Z,undefined,undefined,undefined

{"temperature":21.6875,"temp_rate":0,"vibration_g":0.057112,"voltage_raw":0,"voltage_pin":0,"voltage_real":0}
2026-04-22T01:20:21.446Z,undefined,undefined,undefined

{"temperature":21.875,"temp_rate":0.085538,"vibration_g":0.059503,"voltage_raw":0,"voltage_pin":0,"voltage_real":0}
2026-04-22T01:20:23.673Z,undefined,undefined,undefined

{"temperature":21.875,"temp_rate":0,"vibration_g":0.06206,"voltage_raw":0,"voltage_pin":0,"voltage_real":0}
2026-04-22T01:20:25.778Z,undefined,undefined,undefined

{"temperature":22.0625,"temp_rate":0.085577,"vibration_g":0.063855,"voltage_raw":99,"voltage_pin":0.07978,"voltage_real":0.409113}
2026-04-22T01:20:28.041Z,undefined,undefined,undefined

{"temperature":22.0625,"temp_rate":0,"vibration_g":0.064751,"voltage_raw":0,"voltage_pin":0,"voltage_real":0}
2026-04-22T01:20:30.157Z,undefined,undefined,undefined

{"temperature":22.25,"temp_rate":0.085499,"vibration_g":0.064946,"voltage_raw":0,"voltage_pin":0,"voltage_real":0}
2026-04-22T01:20:32.347Z,undefined,undefined,undefined

{"temperature":22.25,"temp_rate":0,"vibration_g":0.066155,"voltage_raw":0,"voltage_pin":0,"voltage_real":0}
2026-04-22T01:20:34.542Z,undefined,undefined,undefined

{"temperature":22.4375,"temp_rate":0.085538,"vibration_g":0.068058,"voltage_raw":0,"voltage_pin":0,"voltage_real":0}
2026-04-22T01:20:36.773Z,undefined,undefined,undefined

{"temperature":22.4375,"temp_rate":0,"vibration_g":0.068182,"voltage_raw":0,"voltage_pin":0,"voltage_real":0}
2026-04-22T01:20:39.025Z,undefined,undefined,undefined

{"temperature":22.5625,"temp_rate":0.057026,"vibration_g":0.068319,"voltage_raw":3632,"voltage_pin":2.926886,"voltage_real":15.00907}
2026-04-22T01:20:41.127Z,undefined,undefined,undefined

{"temperature":22.5625,"temp_rate":0,"vibration_g":0.06928,"voltage_raw":0,"voltage_pin":0,"voltage_real":0}
2026-04-22T01:20:43.315Z,undefined,undefined,undefined

{"temperature":22.6875,"temp_rate":0.057026,"vibration_g":0.069759,"voltage_raw":0,"voltage_pin":0,"voltage_real":0}
2026-04-22T01:20:45.502Z,undefined,undefined,undefined

{"temperature":22.6875,"temp_rate":0,"vibration_g":0.070248,"voltage_raw":3633,"voltage_pin":2.927692,"voltage_real":15.0132}
2026-04-22T01:20:47.842Z,undefined,undefined,undefined

{"temperature":22.875,"temp_rate":0.085499,"vibration_g":0.063859,"voltage_raw":3634,"voltage_pin":2.928498,"voltage_real":15.01734}
2026-04-22T01:20:49.852Z,undefined,undefined,undefined

{"temperature":22.875,"temp_rate":0,"vibration_g":0.058108,"voltage_raw":3629,"voltage_pin":2.924469,"voltage_real":14.99668}
2026-04-22T01:20:52.043Z,undefined,undefined,undefined

{"temperature":23.0625,"temp_rate":0.087494,"vibration_g":0.052932,"voltage_raw":3638,"voltage_pin":2.931722,"voltage_real":15.03387}
2026-04-22T01:20:54.128Z,undefined,undefined,undefined

{"temperature":23.0625,"temp_rate":0,"vibration_g":0.048274,"voltage_raw":3639,"voltage_pin":2.932528,"voltage_real":15.038}
2026-04-22T01:20:56.267Z,undefined,undefined,undefined

{"temperature":23.1875,"temp_rate":0.058329,"vibration_g":0.044082,"voltage_raw":3632,"voltage_pin":2.926886,"voltage_real":15.00907}
2026-04-22T01:20:58.439Z,undefined,undefined,undefined

{"temperature":23.1875,"temp_rate":0,"vibration_g":0.040309,"voltage_raw":3641,"voltage_pin":2.934139,"voltage_real":15.04627}
2026-04-22T01:21:00.556Z,undefined,undefined,undefined

{"temperature":23.375,"temp_rate":0.087494,"vibration_g":0.036913,"voltage_raw":3632,"voltage_pin":2.926886,"voltage_real":15.00907}
2026-04-22T01:21:02.698Z,undefined,undefined,undefined

{"temperature":23.375,"temp_rate":0,"vibration_g":0.033857,"voltage_raw":0,"voltage_pin":0,"voltage_real":0}
2026-04-22T01:21:04.934Z,undefined,undefined,undefined

{"temperature":23.5625,"temp_rate":0.087453,"vibration_g":0.031106,"voltage_raw":0,"voltage_pin":0,"voltage_real":0}
2026-04-22T01:21:07.124Z,undefined,undefined,undefined

{"temperature":23.5625,"temp_rate":0,"vibration_g":0.028631,"voltage_raw":0,"voltage_pin":0,"voltage_real":0}
2026-04-22T01:21:09.262Z,undefined,undefined,undefined

{"temperature":23.6875,"temp_rate":0.058329,"vibration_g":0.026403,"voltage_raw":3630,"voltage_pin":2.925275,"voltage_real":15.00081}
2026-04-22T01:21:11.297Z,undefined,undefined,undefined

{"temperature":23.6875,"temp_rate":0,"vibration_g":0.024398,"voltage_raw":0,"voltage_pin":0,"voltage_real":0}
2026-04-22T01:21:13.413Z,undefined,undefined,undefined

{"temperature":23.875,"temp_rate":0.087494,"vibration_g":0.022593,"voltage_raw":0,"voltage_pin":0,"voltage_real":0}
2026-04-22T01:21:15.673Z,undefined,undefined,undefined

{"temperature":23.875,"temp_rate":0,"vibration_g":0.020969,"voltage_raw":0,"voltage_pin":0,"voltage_real":0}
2026-04-22T01:21:17.743Z,undefined,undefined,undefined

{"temperature":24,"temp_rate":0.058329,"vibration_g":0.019507,"voltage_raw":0,"voltage_pin":0,"voltage_real":0}
2026-04-22T01:21:19.853Z,undefined,undefined,undefined

{"temperature":24,"temp_rate":0,"vibration_g":0.018191,"voltage_raw":0,"voltage_pin":0,"voltage_real":0}
2026-04-22T01:21:22.033Z,undefined,undefined,undefined

{"temperature":24.1875,"temp_rate":0.087494,"vibration_g":0.017007,"voltage_raw":0,"voltage_pin":0,"voltage_real":0}
2026-04-22T01:21:24.132Z,undefined,undefined,undefined

{"temperature":24.1875,"temp_rate":0,"vibration_g":0.015942,"voltage_raw":3634,"voltage_pin":2.928498,"voltage_real":15.01734}
2026-04-22T01:21:26.340Z,undefined,undefined,undefined

{"temperature":24.375,"temp_rate":0.087494,"vibration_g":0.014983,"voltage_raw":3639,"voltage_pin":2.932528,"voltage_real":15.038}
2026-04-22T01:21:28.413Z,undefined,undefined,undefined

{"temperature":24.375,"temp_rate":0,"vibration_g":0.01412,"voltage_raw":192,"voltage_pin":0.154725,"voltage_real":0.793431}
2026-04-22T01:21:30.560Z,undefined,undefined,undefined

{"temperature":24.5625,"temp_rate":0.087494,"vibration_g":0.013343,"voltage_raw":0,"voltage_pin":0,"voltage_real":0}
2026-04-22T01:21:32.704Z,undefined,undefined,undefined

{"temperature":24.5625,"temp_rate":0,"vibration_g":0.012644,"voltage_raw":0,"voltage_pin":0,"voltage_real":0}
2026-04-22T01:21:34.843Z,undefined,undefined,undefined

{"temperature":24.6875,"temp_rate":0.058329,"vibration_g":0.012014,"voltage_raw":0,"voltage_pin":0,"voltage_real":0}
2026-04-22T01:21:36.989Z,undefined,undefined,undefined

{"temperature":24.6875,"temp_rate":0,"vibration_g":0.011448,"voltage_raw":0,"voltage_pin":0,"voltage_real":0}
2026-04-22T01:21:39.235Z,undefined,undefined,undefined

{"temperature":24.875,"temp_rate":0.087494,"vibration_g":0.010938,"voltage_raw":0,"voltage_pin":0,"voltage_real":0}
2026-04-22T01:21:41.390Z,undefined,undefined,undefined

{"temperature":24.875,"temp_rate":0,"vibration_g":0.01048,"voltage_raw":0,"voltage_pin":0,"voltage_real":0}
2026-04-22T01:21:43.417Z,undefined,undefined,undefined

{"temperature":25.0625,"temp_rate":0.087494,"vibration_g":0.010067,"voltage_raw":3641,"voltage_pin":2.934139,"voltage_real":15.04627}
2026-04-22T01:21:45.561Z,undefined,undefined,undefined

{"temperature":25.0625,"temp_rate":0,"vibration_g":0.009695,"voltage_raw":49,"voltage_pin":0.039487,"voltage_real":0.20249}
2026-04-22T01:21:47.804Z,undefined,undefined,undefined

{"temperature":25.25,"temp_rate":0.087494,"vibration_g":0.009361,"voltage_raw":0,"voltage_pin":0,"voltage_real":0}
2026-04-22T01:21:49.877Z,undefined,undefined,undefined

{"temperature":25.25,"temp_rate":0,"vibration_g":0.00906,"voltage_raw":3632,"voltage_pin":2.926886,"voltage_real":15.00907}
2026-04-22T01:21:51.988Z,undefined,undefined,undefined

{"temperature":25.375,"temp_rate":0.058329,"vibration_g":0.008789,"voltage_raw":0,"voltage_pin":0,"voltage_real":0}
2026-04-22T01:21:54.139Z,undefined,undefined,undefined

{"temperature":25.375,"temp_rate":0,"vibration_g":0.008545,"voltage_raw":0,"voltage_pin":0,"voltage_real":0}
2026-04-22T01:21:56.276Z,undefined,undefined,undefined

{"temperature":25.5,"temp_rate":0.058329,"vibration_g":0.008326,"voltage_raw":0,"voltage_pin":0,"voltage_real":0}
2026-04-22T01:21:58.417Z,undefined,undefined,undefined

{"temperature":25.5,"temp_rate":0,"vibration_g":0.008128,"voltage_raw":3625,"voltage_pin":2.921245,"voltage_real":14.98015}
2026-04-22T01:22:00.559Z,undefined,undefined,undefined

{"temperature":25.625,"temp_rate":0.058329,"vibration_g":0.007951,"voltage_raw":0,"voltage_pin":0,"voltage_real":0}
2026-04-22T01:22:02.799Z,undefined,undefined,undefined

{"temperature":25.625,"temp_rate":0,"vibration_g":0.007791,"voltage_raw":0,"voltage_pin":0,"voltage_real":0}
2026-04-22T01:22:04.899Z,undefined,undefined,undefined

{"temperature":25.8125,"temp_rate":0.087494,"vibration_g":0.007647,"voltage_raw":3618,"voltage_pin":2.915604,"voltage_real":14.95122}
2026-04-22T01:22:07.091Z,undefined,undefined,undefined

{"temperature":25.8125,"temp_rate":0,"vibration_g":0.007517,"voltage_raw":0,"voltage_pin":0,"voltage_real":0}
2026-04-22T01:22:09.137Z,undefined,undefined,undefined

{"temperature":25.9375,"temp_rate":0.058329,"vibration_g":0.007401,"voltage_raw":3632,"voltage_pin":2.926886,"voltage_real":15.00907}
2026-04-22T01:22:11.275Z,undefined,undefined,undefined

{"temperature":25.9375,"temp_rate":0,"vibration_g":0.007296,"voltage_raw":0,"voltage_pin":0,"voltage_real":0}
2026-04-22T01:22:13.432Z,undefined,undefined,undefined

{"temperature":26.0625,"temp_rate":0.058329,"vibration_g":0.007201,"voltage_raw":0,"voltage_pin":0,"voltage_real":0}
2026-04-22T01:22:15.564Z,undefined,undefined,undefined

{"temperature":26.0625,"temp_rate":0,"vibration_g":0.007116,"voltage_raw":3634,"voltage_pin":2.928498,"voltage_real":15.01734}
2026-04-22T01:22:17.744Z,undefined,undefined,undefined

{"temperature":26.25,"temp_rate":0.087494,"vibration_g":0.00704,"voltage_raw":3630,"voltage_pin":2.925275,"voltage_real":15.00081}
2026-04-22T01:22:19.866Z,undefined,undefined,undefined

{"temperature":26.25,"temp_rate":0,"vibration_g":0.006971,"voltage_raw":0,"voltage_pin":0,"voltage_real":0}
2026-04-22T01:22:22.047Z,undefined,undefined,undefined

{"temperature":26.375,"temp_rate":0.058329,"vibration_g":0.006909,"voltage_raw":0,"voltage_pin":0,"voltage_real":0}
2026-04-22T01:22:24.161Z,undefined,undefined,undefined

{"temperature":26.375,"temp_rate":0,"vibration_g":0.006853,"voltage_raw":0,"voltage_pin":0,"voltage_real":0}
2026-04-22T01:22:26.276Z,undefined,undefined,undefined

{"temperature":26.5625,"temp_rate":0.087494,"vibration_g":0.006803,"voltage_raw":3643,"voltage_pin":2.935751,"voltage_real":15.05453}
2026-04-22T01:22:28.465Z,undefined,undefined,undefined

{"temperature":26.5625,"temp_rate":0,"vibration_g":0.006758,"voltage_raw":0,"voltage_pin":0,"voltage_real":0}
2026-04-22T01:22:30.564Z,undefined,undefined,undefined

{"temperature":26.75,"temp_rate":0.087494,"vibration_g":0.006717,"voltage_raw":0,"voltage_pin":0,"voltage_real":0}
2026-04-22T01:22:32.706Z,undefined,undefined,undefined

{"temperature":26.75,"temp_rate":0,"vibration_g":0.00668,"voltage_raw":0,"voltage_pin":0,"voltage_real":0}
2026-04-22T01:22:34.853Z,undefined,undefined,undefined

{"temperature":26.9375,"temp_rate":0.087494,"vibration_g":0.006647,"voltage_raw":0,"voltage_pin":0,"voltage_real":0}
2026-04-22T01:22:36.994Z,undefined,undefined,undefined

{"temperature":26.9375,"temp_rate":0,"vibration_g":0.006618,"voltage_raw":0,"voltage_pin":0,"voltage_real":0}
2026-04-22T01:22:39.182Z,undefined,undefined,undefined

{"temperature":27.0625,"temp_rate":0.058329,"vibration_g":0.006591,"voltage_raw":3644,"voltage_pin":2.936557,"voltage_real":15.05866}
2026-04-22T01:22:41.280Z,undefined,undefined,undefined

{"temperature":27.0625,"temp_rate":0,"vibration_g":0.006567,"voltage_raw":3637,"voltage_pin":2.930916,"voltage_real":15.02974}
2026-04-22T01:22:43.422Z,undefined,undefined,undefined

{"temperature":27.25,"temp_rate":0.087494,"vibration_g":0.006546,"voltage_raw":3645,"voltage_pin":2.937363,"voltage_real":15.06279}
2026-04-22T01:22:45.584Z,undefined,undefined,undefined

{"temperature":27.25,"temp_rate":0,"vibration_g":0.006526,"voltage_raw":3635,"voltage_pin":2.929304,"voltage_real":15.02147}
2026-04-22T01:22:47.710Z,undefined,undefined,undefined

{"temperature":27.375,"temp_rate":0.058329,"vibration_g":0.006509,"voltage_raw":3630,"voltage_pin":2.925275,"voltage_real":15.00081}
2026-04-22T01:22:49.858Z,undefined,undefined,undefined

{"temperature":27.375,"temp_rate":0,"vibration_g":0.006493,"voltage_raw":3632,"voltage_pin":2.926886,"voltage_real":15.00907}
2026-04-22T01:22:52.058Z,undefined,undefined,undefined

{"temperature":27.5,"temp_rate":0.058329,"vibration_g":0.006479,"voltage_raw":3632,"voltage_pin":2.926886,"voltage_real":15.00907}
2026-04-22T01:22:54.202Z,undefined,undefined,undefined

{"temperature":27.5,"temp_rate":0,"vibration_g":0.006466,"voltage_raw":3637,"voltage_pin":2.930916,"voltage_real":15.02974}
2026-04-22T01:22:56.280Z,undefined,undefined,undefined

{"temperature":27.625,"temp_rate":0.058329,"vibration_g":0.006454,"voltage_raw":3632,"voltage_pin":2.926886,"voltage_real":15.00907}
2026-04-22T01:22:58.424Z,undefined,undefined,undefined

{"temperature":27.625,"temp_rate":0,"vibration_g":0.006444,"voltage_raw":3638,"voltage_pin":2.931722,"voltage_real":15.03387}
2026-04-22T01:23:00.566Z,undefined,undefined,undefined

{"temperature":27.6875,"temp_rate":0.029151,"vibration_g":0.006435,"voltage_raw":3623,"voltage_pin":2.919634,"voltage_real":14.97188}
2026-04-22T01:23:02.710Z,undefined,undefined,undefined

{"temperature":27.6875,"temp_rate":0,"vibration_g":0.006426,"voltage_raw":3621,"voltage_pin":2.918022,"voltage_real":14.96362}
2026-04-22T01:23:04.851Z,undefined,undefined,undefined

{"temperature":27.8125,"temp_rate":0.058329,"vibration_g":0.006419,"voltage_raw":3631,"voltage_pin":2.92608,"voltage_real":15.00494}
2026-04-22T01:23:07.098Z,undefined,undefined,undefined

{"temperature":27.8125,"temp_rate":0,"vibration_g":0.006412,"voltage_raw":3613,"voltage_pin":2.911575,"voltage_real":14.93056}
2026-04-22T01:23:09.141Z,undefined,undefined,undefined

{"temperature":28.0625,"temp_rate":0.116659,"vibration_g":0.006406,"voltage_raw":3633,"voltage_pin":2.927692,"voltage_real":15.0132}
2026-04-22T01:23:11.288Z,undefined,undefined,undefined

{"temperature":28.0625,"temp_rate":0,"vibration_g":0.006401,"voltage_raw":3643,"voltage_pin":2.935751,"voltage_real":15.05453}
2026-04-22T01:23:13.427Z,undefined,undefined,undefined

{"temperature":28.125,"temp_rate":0.029165,"vibration_g":0.006396,"voltage_raw":3634,"voltage_pin":2.928498,"voltage_real":15.01734}
2026-04-22T01:23:15.570Z,undefined,undefined,undefined

{"temperature":28.125,"temp_rate":0,"vibration_g":0.006391,"voltage_raw":3613,"voltage_pin":2.911575,"voltage_real":14.93056}
2026-04-22T01:23:17.712Z,undefined,undefined,undefined

{"temperature":28.25,"temp_rate":0.058302,"vibration_g":0.006387,"voltage_raw":3639,"voltage_pin":2.932528,"voltage_real":15.038}
2026-04-22T01:23:19.855Z,undefined,undefined,undefined

{"temperature":28.25,"temp_rate":0,"vibration_g":0.006384,"voltage_raw":3631,"voltage_pin":2.92608,"voltage_real":15.00494}
2026-04-22T01:23:22.060Z,undefined,undefined,undefined

{"temperature":28.4375,"temp_rate":0.087494,"vibration_g":0.00638,"voltage_raw":3636,"voltage_pin":2.93011,"voltage_real":15.0256}
2026-04-22T01:23:24.141Z,undefined,undefined,undefined

{"temperature":28.4375,"temp_rate":0,"vibration_g":0.006377,"voltage_raw":3632,"voltage_pin":2.926886,"voltage_real":15.00907}
2026-04-22T01:23:26.285Z,undefined,undefined,undefined

{"temperature":28.625,"temp_rate":0.087494,"vibration_g":0.006375,"voltage_raw":3647,"voltage_pin":2.938974,"voltage_real":15.07106}
2026-04-22T01:23:28.448Z,undefined,undefined,undefined

{"temperature":28.625,"temp_rate":0,"vibration_g":0.006372,"voltage_raw":3615,"voltage_pin":2.913187,"voltage_real":14.93882}
2026-04-22T01:23:30.574Z,undefined,undefined,undefined

{"temperature":28.75,"temp_rate":0.058329,"vibration_g":0.00637,"voltage_raw":3622,"voltage_pin":2.918828,"voltage_real":14.96775}
2026-04-22T01:23:32.815Z,undefined,undefined,undefined

{"temperature":28.75,"temp_rate":0,"vibration_g":0.006368,"voltage_raw":3629,"voltage_pin":2.924469,"voltage_real":14.99668}
2026-04-22T01:23:34.955Z,undefined,undefined,undefined

{"temperature":29.0625,"temp_rate":0.145824,"vibration_g":0.006367,"voltage_raw":3634,"voltage_pin":2.928498,"voltage_real":15.01734}
2026-04-22T01:23:37.002Z,undefined,undefined,undefined

{"temperature":29.0625,"temp_rate":0,"vibration_g":0.006365,"voltage_raw":3626,"voltage_pin":2.922051,"voltage_real":14.98428}
2026-04-22T01:23:39.147Z,undefined,undefined,undefined

{"temperature":29,"temp_rate":-0.029165,"vibration_g":0.006364,"voltage_raw":3629,"voltage_pin":2.924469,"voltage_real":14.99668}
2026-04-22T01:23:41.287Z,undefined,undefined,undefined

{"temperature":29,"temp_rate":0,"vibration_g":0.006362,"voltage_raw":3632,"voltage_pin":2.926886,"voltage_real":15.00907}
2026-04-22T01:23:43.428Z,undefined,undefined,undefined

{"temperature":29.1875,"temp_rate":0.087494,"vibration_g":0.006361,"voltage_raw":3628,"voltage_pin":2.923663,"voltage_real":14.99254}
2026-04-22T01:23:45.572Z,undefined,undefined,undefined

{"temperature":29.1875,"temp_rate":0,"vibration_g":0.00636,"voltage_raw":3627,"voltage_pin":2.922857,"voltage_real":14.98841}
2026-04-22T01:23:47.715Z,undefined,undefined,undefined

{"temperature":29.3125,"temp_rate":0.058329,"vibration_g":0.006359,"voltage_raw":3632,"voltage_pin":2.926886,"voltage_real":15.00907}
2026-04-22T01:23:49.912Z,undefined,undefined,undefined

{"temperature":29.3125,"temp_rate":0,"vibration_g":0.006359,"voltage_raw":3630,"voltage_pin":2.925275,"voltage_real":15.00081}
2026-04-22T01:23:52.002Z,undefined,undefined,undefined

{"temperature":29.4375,"temp_rate":0.058329,"vibration_g":0.006358,"voltage_raw":3630,"voltage_pin":2.925275,"voltage_real":15.00081}
2026-04-22T01:23:54.196Z,undefined,undefined,undefined

{"temperature":29.4375,"temp_rate":0,"vibration_g":0.006357,"voltage_raw":3642,"voltage_pin":2.934945,"voltage_real":15.0504}
2026-04-22T01:23:56.293Z,undefined,undefined,undefined

{"temperature":29.5,"temp_rate":0.029165,"vibration_g":0.006357,"voltage_raw":3631,"voltage_pin":2.92608,"voltage_real":15.00494}
2026-04-22T01:23:58.431Z,undefined,undefined,undefined

{"temperature":29.5,"temp_rate":0,"vibration_g":0.006356,"voltage_raw":3629,"voltage_pin":2.924469,"voltage_real":14.99668}
2026-04-22T01:24:00.657Z,undefined,undefined,undefined

{"temperature":29.625,"temp_rate":0.058329,"vibration_g":0.006355,"voltage_raw":3626,"voltage_pin":2.922051,"voltage_real":14.98428}
2026-04-22T01:24:02.717Z,undefined,undefined,undefined

{"temperature":29.625,"temp_rate":0,"vibration_g":0.006355,"voltage_raw":3631,"voltage_pin":2.92608,"voltage_real":15.00494}
2026-04-22T01:24:04.860Z,undefined,undefined,undefined

{"temperature":29.75,"temp_rate":0.058329,"vibration_g":0.006355,"voltage_raw":3610,"voltage_pin":2.909158,"voltage_real":14.91816}
2026-04-22T01:24:07.010Z,undefined,undefined,undefined

{"temperature":29.75,"temp_rate":0,"vibration_g":0.006354,"voltage_raw":3628,"voltage_pin":2.923663,"voltage_real":14.99254}
2026-04-22T01:24:09.147Z,undefined,undefined,undefined

{"temperature":29.9375,"temp_rate":0.087453,"vibration_g":0.006354,"voltage_raw":3638,"voltage_pin":2.931722,"voltage_real":15.03387}
2026-04-22T01:24:11.293Z,undefined,undefined,undefined

{"temperature":29.9375,"temp_rate":0,"vibration_g":0.006354,"voltage_raw":3631,"voltage_pin":2.92608,"voltage_real":15.00494}
2026-04-22T01:24:13.432Z,undefined,undefined,undefined

{"temperature":30.0625,"temp_rate":0.058329,"vibration_g":0.006353,"voltage_raw":3600,"voltage_pin":2.901099,"voltage_real":14.87683}
2026-04-22T01:24:15.610Z,undefined,undefined,undefined

{"temperature":30.0625,"temp_rate":0,"vibration_g":0.006353,"voltage_raw":3632,"voltage_pin":2.926886,"voltage_real":15.00907}
2026-04-22T01:24:17.718Z,undefined,undefined,undefined

{"temperature":30.125,"temp_rate":0.029165,"vibration_g":0.006353,"voltage_raw":3613,"voltage_pin":2.911575,"voltage_real":14.93056}
2026-04-22T01:24:19.903Z,undefined,undefined,undefined

{"temperature":30.125,"temp_rate":0,"vibration_g":0.006353,"voltage_raw":3630,"voltage_pin":2.925275,"voltage_real":15.00081}
2026-04-22T01:24:22.004Z,undefined,undefined,undefined

{"temperature":30.25,"temp_rate":0.058329,"vibration_g":0.006353,"voltage_raw":3627,"voltage_pin":2.922857,"voltage_real":14.98841}
2026-04-22T01:24:24.194Z,undefined,undefined,undefined

{"temperature":30.25,"temp_rate":0,"vibration_g":0.006352,"voltage_raw":3625,"voltage_pin":2.921245,"voltage_real":14.98015}
2026-04-22T01:24:26.291Z,undefined,undefined,undefined

{"temperature":30.375,"temp_rate":0.058302,"vibration_g":0.006352,"voltage_raw":3626,"voltage_pin":2.922051,"voltage_real":14.98428}
2026-04-22T01:24:28.451Z,undefined,undefined,undefined

{"temperature":30.375,"temp_rate":0,"vibration_g":0.006352,"voltage_raw":3638,"voltage_pin":2.931722,"voltage_real":15.03387}
2026-04-22T01:24:30.659Z,undefined,undefined,undefined

{"temperature":30.375,"temp_rate":0,"vibration_g":0.006352,"voltage_raw":3623,"voltage_pin":2.919634,"voltage_real":14.97188}
2026-04-22T01:24:32.816Z,undefined,undefined,undefined

{"temperature":30.5625,"temp_rate":0.087494,"vibration_g":0.006352,"voltage_raw":3633,"voltage_pin":2.927692,"voltage_real":15.0132}
2026-04-22T01:24:34.869Z,undefined,undefined,undefined

{"temperature":30.5625,"temp_rate":0,"vibration_g":0.006352,"voltage_raw":3627,"voltage_pin":2.922857,"voltage_real":14.98841}
2026-04-22T01:24:37.005Z,undefined,undefined,undefined

{"temperature":30.625,"temp_rate":0.029165,"vibration_g":0.006352,"voltage_raw":3620,"voltage_pin":2.917216,"voltage_real":14.95948}
2026-04-22T01:24:39.149Z,undefined,undefined,undefined

{"temperature":30.625,"temp_rate":0,"vibration_g":0.006352,"voltage_raw":3623,"voltage_pin":2.919634,"voltage_real":14.97188}
2026-04-22T01:24:41.346Z,undefined,undefined,undefined

{"temperature":30.75,"temp_rate":0.058329,"vibration_g":0.006352,"voltage_raw":3635,"voltage_pin":2.929304,"voltage_real":15.02147}
2026-04-22T01:24:43.483Z,undefined,undefined,undefined

{"temperature":30.75,"temp_rate":0,"vibration_g":0.006352,"voltage_raw":3631,"voltage_pin":2.92608,"voltage_real":15.00494}
2026-04-22T01:24:45.609Z,undefined,undefined,undefined

{"temperature":30.875,"temp_rate":0.058329,"vibration_g":0.006352,"voltage_raw":3637,"voltage_pin":2.930916,"voltage_real":15.02974}
2026-04-22T01:24:47.727Z,undefined,undefined,undefined

{"temperature":30.875,"temp_rate":0,"vibration_g":0.006352,"voltage_raw":3630,"voltage_pin":2.925275,"voltage_real":15.00081}
2026-04-22T01:24:49.866Z,undefined,undefined,undefined

{"temperature":30.9375,"temp_rate":0.029165,"vibration_g":0.006351,"voltage_raw":3627,"voltage_pin":2.922857,"voltage_real":14.98841}
2026-04-22T01:24:52.178Z,undefined,undefined,undefined

{"temperature":30.9375,"temp_rate":0,"vibration_g":0.006351,"voltage_raw":3619,"voltage_pin":2.91641,"voltage_real":14.95535}
2026-04-22T01:24:54.209Z,undefined,undefined,undefined

{"temperature":31,"temp_rate":0.029151,"vibration_g":0.006351,"voltage_raw":3631,"voltage_pin":2.92608,"voltage_real":15.00494}
2026-04-22T01:24:56.293Z,undefined,undefined,undefined

{"temperature":31,"temp_rate":0,"vibration_g":0.006351,"voltage_raw":3622,"voltage_pin":2.918828,"voltage_real":14.96775}
2026-04-22T01:24:58.437Z,undefined,undefined,undefined

{"temperature":31.125,"temp_rate":0.058329,"vibration_g":0.006351,"voltage_raw":3632,"voltage_pin":2.926886,"voltage_real":15.00907}
2026-04-22T01:25:00.668Z,undefined,undefined,undefined

{"temperature":31.125,"temp_rate":0,"vibration_g":0.006351,"voltage_raw":3623,"voltage_pin":2.919634,"voltage_real":14.97188}
2026-04-22T01:25:02.807Z,undefined,undefined,undefined

{"temperature":31.1875,"temp_rate":0.029178,"vibration_g":0.006351,"voltage_raw":3633,"voltage_pin":2.927692,"voltage_real":15.0132}
2026-04-22T01:25:04.868Z,undefined,undefined,undefined

{"temperature":31.1875,"temp_rate":0,"vibration_g":0.006351,"voltage_raw":3636,"voltage_pin":2.93011,"voltage_real":15.0256}
2026-04-22T01:25:07.012Z,undefined,undefined,undefined

{"temperature":31.25,"temp_rate":0.029165,"vibration_g":0.006351,"voltage_raw":3631,"voltage_pin":2.92608,"voltage_real":15.00494}
2026-04-22T01:25:09.151Z,undefined,undefined,undefined

{"temperature":31.25,"temp_rate":0,"vibration_g":0.006351,"voltage_raw":3631,"voltage_pin":2.92608,"voltage_real":15.00494}
2026-04-22T01:25:11.324Z,undefined,undefined,undefined

{"temperature":31.3125,"temp_rate":0.029165,"vibration_g":0.006351,"voltage_raw":3621,"voltage_pin":2.918022,"voltage_real":14.96362}
2026-04-22T01:25:13.457Z,undefined,undefined,undefined

{"temperature":31.3125,"temp_rate":0,"vibration_g":0.006351,"voltage_raw":3630,"voltage_pin":2.925275,"voltage_real":15.00081}
2026-04-22T01:25:15.581Z,undefined,undefined,undefined

{"temperature":31.4375,"temp_rate":0.058329,"vibration_g":0.006351,"voltage_raw":3609,"voltage_pin":2.908352,"voltage_real":14.91403}
2026-04-22T01:25:17.735Z,undefined,undefined,undefined

{"temperature":31.4375,"temp_rate":0,"vibration_g":0.006351,"voltage_raw":3637,"voltage_pin":2.930916,"voltage_real":15.02974}
2026-04-22T01:25:19.873Z,undefined,undefined,undefined

{"temperature":31.4375,"temp_rate":0,"vibration_g":0.006351,"voltage_raw":3644,"voltage_pin":2.936557,"voltage_real":15.05866}
2026-04-22T01:25:22.022Z,undefined,undefined,undefined

{"temperature":31.4375,"temp_rate":0,"vibration_g":0.006351,"voltage_raw":3633,"voltage_pin":2.927692,"voltage_real":15.0132}
2026-04-22T01:25:24.154Z,undefined,undefined,undefined

{"temperature":31.5,"temp_rate":0.029165,"vibration_g":0.006351,"voltage_raw":3637,"voltage_pin":2.930916,"voltage_real":15.02974}
2026-04-22T01:25:26.295Z,undefined,undefined,undefined

{"temperature":31.5,"temp_rate":0,"vibration_g":0.006351,"voltage_raw":3629,"voltage_pin":2.924469,"voltage_real":14.99668}
2026-04-22T01:25:28.509Z,undefined,undefined,undefined

{"temperature":31.6875,"temp_rate":0.087494,"vibration_g":0.006351,"voltage_raw":3630,"voltage_pin":2.925275,"voltage_real":15.00081}
2026-04-22T01:25:30.585Z,undefined,undefined,undefined

{"temperature":31.6875,"temp_rate":0,"vibration_g":0.006351,"voltage_raw":3635,"voltage_pin":2.929304,"voltage_real":15.02147}
2026-04-22T01:25:32.722Z,undefined,undefined,undefined

{"temperature":31.6875,"temp_rate":0,"vibration_g":0.006351,"voltage_raw":3632,"voltage_pin":2.926886,"voltage_real":15.00907}
2026-04-22T01:25:34.975Z,undefined,undefined,undefined

{"temperature":31.75,"temp_rate":0.029165,"vibration_g":0.006351,"voltage_raw":3622,"voltage_pin":2.918828,"voltage_real":14.96775}
2026-04-22T01:25:37.012Z,undefined,undefined,undefined

{"temperature":31.75,"temp_rate":0,"vibration_g":0.006351,"voltage_raw":3631,"voltage_pin":2.92608,"voltage_real":15.00494}
2026-04-22T01:25:39.155Z,undefined,undefined,undefined

{"temperature":31.875,"temp_rate":0.058329,"vibration_g":0.006351,"voltage_raw":3622,"voltage_pin":2.918828,"voltage_real":14.96775}
2026-04-22T01:25:41.330Z,undefined,undefined,undefined

{"temperature":31.875,"temp_rate":0,"vibration_g":0.006351,"voltage_raw":3634,"voltage_pin":2.928498,"voltage_real":15.01734}
2026-04-22T01:25:43.461Z,undefined,undefined,undefined

{"temperature":31.9375,"temp_rate":0.029165,"vibration_g":0.006351,"voltage_raw":3625,"voltage_pin":2.921245,"voltage_real":14.98015}
2026-04-22T01:25:45.582Z,undefined,undefined,undefined

{"temperature":31.9375,"temp_rate":0,"vibration_g":0.006351,"voltage_raw":3643,"voltage_pin":2.935751,"voltage_real":15.05453}
2026-04-22T01:25:47.726Z,undefined,undefined,undefined

{"temperature":32,"temp_rate":0.029165,"vibration_g":0.006351,"voltage_raw":3645,"voltage_pin":2.937363,"voltage_real":15.06279}
2026-04-22T01:25:49.868Z,undefined,undefined,undefined

{"temperature":32,"temp_rate":0,"vibration_g":0.006351,"voltage_raw":3618,"voltage_pin":2.915604,"voltage_real":14.95122}
2026-04-22T01:25:52.012Z,undefined,undefined,undefined

{"temperature":32.0625,"temp_rate":0.029165,"vibration_g":0.006351,"voltage_raw":3631,"voltage_pin":2.92608,"voltage_real":15.00494}
2026-04-22T01:25:54.212Z,undefined,undefined,undefined

{"temperature":32.0625,"temp_rate":0,"vibration_g":0.006351,"voltage_raw":3632,"voltage_pin":2.926886,"voltage_real":15.00907}
2026-04-22T01:25:56.299Z,undefined,undefined,undefined

{"temperature":32.1875,"temp_rate":0.058329,"vibration_g":0.006351,"voltage_raw":3645,"voltage_pin":2.937363,"voltage_real":15.06279}
2026-04-22T01:25:58.440Z,undefined,undefined,undefined

{"temperature":32.1875,"temp_rate":0,"vibration_g":0.006351,"voltage_raw":3639,"voltage_pin":2.932528,"voltage_real":15.038}
2026-04-22T01:26:00.593Z,undefined,undefined,undefined

{"temperature":32.25,"temp_rate":0.029151,"vibration_g":0.006351,"voltage_raw":3627,"voltage_pin":2.922857,"voltage_real":14.98841}
2026-04-22T01:26:02.837Z,undefined,undefined,undefined

{"temperature":32.25,"temp_rate":0,"vibration_g":0.006351,"voltage_raw":3616,"voltage_pin":2.913993,"voltage_real":14.94295}
2026-04-22T01:26:04.973Z,undefined,undefined,undefined

{"temperature":32.375,"temp_rate":0.058329,"vibration_g":0.006351,"voltage_raw":3632,"voltage_pin":2.926886,"voltage_real":15.00907}
2026-04-22T01:26:07.015Z,undefined,undefined,undefined

{"temperature":32.375,"temp_rate":0,"vibration_g":0.006351,"voltage_raw":3639,"voltage_pin":2.932528,"voltage_real":15.038}
2026-04-22T01:26:09.186Z,undefined,undefined,undefined

{"temperature":32.4375,"temp_rate":0.029165,"vibration_g":0.006351,"voltage_raw":3632,"voltage_pin":2.926886,"voltage_real":15.00907}
2026-04-22T01:26:11.298Z,undefined,undefined,undefined

{"temperature":32.4375,"temp_rate":0,"vibration_g":0.006351,"voltage_raw":3635,"voltage_pin":2.929304,"voltage_real":15.02147}
2026-04-22T01:26:13.443Z,undefined,undefined,undefined

{"temperature":32.5,"temp_rate":0.029165,"vibration_g":0.006351,"voltage_raw":3632,"voltage_pin":2.926886,"voltage_real":15.00907}
2026-04-22T01:26:15.586Z,undefined,undefined,undefined

{"temperature":32.5,"temp_rate":0,"vibration_g":0.006351,"voltage_raw":3611,"voltage_pin":2.909963,"voltage_real":14.92229}
2026-04-22T01:26:17.729Z,undefined,undefined,undefined

{"temperature":32.5,"temp_rate":0,"vibration_g":0.006351,"voltage_raw":3632,"voltage_pin":2.926886,"voltage_real":15.00907}
2026-04-22T01:26:19.952Z,undefined,undefined,undefined

{"temperature":32.5,"temp_rate":0,"vibration_g":0.006351,"voltage_raw":3619,"voltage_pin":2.91641,"voltage_real":14.95535}
2026-04-22T01:26:22.049Z,undefined,undefined,undefined

{"temperature":32.5625,"temp_rate":0.029165,"vibration_g":0.006351,"voltage_raw":3629,"voltage_pin":2.924469,"voltage_real":14.99668}
2026-04-22T01:26:24.159Z,undefined,undefined,undefined

{"temperature":32.5625,"temp_rate":0,"vibration_g":0.006351,"voltage_raw":3635,"voltage_pin":2.929304,"voltage_real":15.02147}
2026-04-22T01:26:26.361Z,undefined,undefined,undefined

{"temperature":32.625,"temp_rate":0.029165,"vibration_g":0.006351,"voltage_raw":3633,"voltage_pin":2.927692,"voltage_real":15.0132}
2026-04-22T01:26:28.448Z,undefined,undefined,undefined

{"temperature":32.625,"temp_rate":0,"vibration_g":0.006351,"voltage_raw":3641,"voltage_pin":2.934139,"voltage_real":15.04627}
2026-04-22T01:26:30.588Z,undefined,undefined,undefined

{"temperature":32.75,"temp_rate":0.058329,"vibration_g":0.006351,"voltage_raw":3627,"voltage_pin":2.922857,"voltage_real":14.98841}
2026-04-22T01:26:32.731Z,undefined,undefined,undefined

{"temperature":32.75,"temp_rate":0,"vibration_g":0.006351,"voltage_raw":3641,"voltage_pin":2.934139,"voltage_real":15.04627}
2026-04-22T01:26:34.873Z,undefined,undefined,undefined

{"temperature":32.875,"temp_rate":0.058329,"vibration_g":0.006351,"voltage_raw":3633,"voltage_pin":2.927692,"voltage_real":15.0132}
2026-04-22T01:26:37.016Z,undefined,undefined,undefined

{"temperature":32.875,"temp_rate":0,"vibration_g":0.006351,"voltage_raw":3637,"voltage_pin":2.930916,"voltage_real":15.02974}
2026-04-22T01:26:39.163Z,undefined,undefined,undefined

{"temperature":32.9375,"temp_rate":0.029165,"vibration_g":0.006351,"voltage_raw":3632,"voltage_pin":2.926886,"voltage_real":15.00907}
2026-04-22T01:26:41.303Z,undefined,undefined,undefined

{"temperature":32.9375,"temp_rate":0,"vibration_g":0.006351,"voltage_raw":3643,"voltage_pin":2.935751,"voltage_real":15.05453}
2026-04-22T01:26:43.491Z,undefined,undefined,undefined

{"temperature":33,"temp_rate":0.029165,"vibration_g":0.006351,"voltage_raw":3631,"voltage_pin":2.92608,"voltage_real":15.00494}
2026-04-22T01:26:45.588Z,undefined,undefined,undefined

{"temperature":33,"temp_rate":0,"vibration_g":0.006351,"voltage_raw":3635,"voltage_pin":2.929304,"voltage_real":15.02147}
2026-04-22T01:26:47.745Z,undefined,undefined,undefined

{"temperature":33,"temp_rate":0,"vibration_g":0.006351,"voltage_raw":3625,"voltage_pin":2.921245,"voltage_real":14.98015}
2026-04-22T01:26:49.894Z,undefined,undefined,undefined

{"temperature":33,"temp_rate":0,"vibration_g":0.006351,"voltage_raw":3626,"voltage_pin":2.922051,"voltage_real":14.98428}
2026-04-22T01:26:52.076Z,undefined,undefined,undefined

{"temperature":33.0625,"temp_rate":0.029165,"vibration_g":0.006351,"voltage_raw":3632,"voltage_pin":2.926886,"voltage_real":15.00907}
2026-04-22T01:26:54.160Z,undefined,undefined,undefined

{"temperature":33.0625,"temp_rate":0,"vibration_g":0.006351,"voltage_raw":3627,"voltage_pin":2.922857,"voltage_real":14.98841}
2026-04-22T01:26:56.308Z,undefined,undefined,undefined

{"temperature":33.1875,"temp_rate":0.058302,"vibration_g":0.006351,"voltage_raw":3616,"voltage_pin":2.913993,"voltage_real":14.94295}
2026-04-22T01:26:58.450Z,undefined,undefined,undefined

{"temperature":33.1875,"temp_rate":0,"vibration_g":0.006351,"voltage_raw":3630,"voltage_pin":2.925275,"voltage_real":15.00081}
2026-04-22T01:27:00.589Z,undefined,undefined,undefined

{"temperature":33.1875,"temp_rate":0,"vibration_g":0.006351,"voltage_raw":3635,"voltage_pin":2.929304,"voltage_real":15.02147}
2026-04-22T01:27:02.733Z,undefined,undefined,undefined

{"temperature":33.1875,"temp_rate":0,"vibration_g":0.006351,"voltage_raw":3632,"voltage_pin":2.926886,"voltage_real":15.00907}
2026-04-22T01:27:04.943Z,undefined,undefined,undefined

{"temperature":33.3125,"temp_rate":0.058329,"vibration_g":0.006351,"voltage_raw":3629,"voltage_pin":2.924469,"voltage_real":14.99668}
2026-04-22T01:27:07.128Z,undefined,undefined,undefined

{"temperature":33.3125,"temp_rate":0,"vibration_g":0.006351,"voltage_raw":3643,"voltage_pin":2.935751,"voltage_real":15.05453}
2026-04-22T01:27:09.161Z,undefined,undefined,undefined

{"temperature":33.375,"temp_rate":0.029165,"vibration_g":0.006351,"voltage_raw":3634,"voltage_pin":2.928498,"voltage_real":15.01734}
2026-04-22T01:27:11.306Z,undefined,undefined,undefined

{"temperature":33.375,"temp_rate":0,"vibration_g":0.006351,"voltage_raw":3632,"voltage_pin":2.926886,"voltage_real":15.00907}
2026-04-22T01:27:13.489Z,undefined,undefined,undefined

{"temperature":33.5,"temp_rate":0.058329,"vibration_g":0.006351,"voltage_raw":3646,"voltage_pin":2.938169,"voltage_real":15.06693}
2026-04-22T01:27:15.597Z,undefined,undefined,undefined

{"temperature":33.5,"temp_rate":0,"vibration_g":0.006351,"voltage_raw":3626,"voltage_pin":2.922051,"voltage_real":14.98428}
2026-04-22T01:27:17.803Z,undefined,undefined,undefined

{"temperature":33.5,"temp_rate":0,"vibration_g":0.006351,"voltage_raw":3635,"voltage_pin":2.929304,"voltage_real":15.02147}
2026-04-22T01:27:19.929Z,undefined,undefined,undefined

{"temperature":33.5,"temp_rate":0,"vibration_g":0.006351,"voltage_raw":3632,"voltage_pin":2.926886,"voltage_real":15.00907}
2026-04-22T01:27:22.021Z,undefined,undefined,undefined

{"temperature":33.625,"temp_rate":0.058329,"vibration_g":0.006351,"voltage_raw":3637,"voltage_pin":2.930916,"voltage_real":15.02974}
2026-04-22T01:27:24.170Z,undefined,undefined,undefined

{"temperature":33.625,"temp_rate":0,"vibration_g":0.006351,"voltage_raw":3635,"voltage_pin":2.929304,"voltage_real":15.02147}
2026-04-22T01:27:26.308Z,undefined,undefined,undefined

{"temperature":33.75,"temp_rate":0.058329,"vibration_g":0.006351,"voltage_raw":3628,"voltage_pin":2.923663,"voltage_real":14.99254}
2026-04-22T01:27:28.451Z,undefined,undefined,undefined

{"temperature":33.75,"temp_rate":0,"vibration_g":0.006351,"voltage_raw":3629,"voltage_pin":2.924469,"voltage_real":14.99668}
2026-04-22T01:27:30.595Z,undefined,undefined,undefined

{"temperature":33.8125,"temp_rate":0.029165,"vibration_g":0.006351,"voltage_raw":3635,"voltage_pin":2.929304,"voltage_real":15.02147}
2026-04-22T01:27:32.738Z,undefined,undefined,undefined

{"temperature":33.8125,"temp_rate":0,"vibration_g":0.006351,"voltage_raw":3643,"voltage_pin":2.935751,"voltage_real":15.05453}
2026-04-22T01:27:34.905Z,undefined,undefined,undefined

{"temperature":33.875,"temp_rate":0.029151,"vibration_g":0.006351,"voltage_raw":3632,"voltage_pin":2.926886,"voltage_real":15.00907}
2026-04-22T01:27:37.031Z,undefined,undefined,undefined

{"temperature":33.875,"temp_rate":0,"vibration_g":0.006351,"voltage_raw":3642,"voltage_pin":2.934945,"voltage_real":15.0504}
2026-04-22T01:27:39.221Z,undefined,undefined,undefined

{"temperature":33.9375,"temp_rate":0.029165,"vibration_g":0.006351,"voltage_raw":3632,"voltage_pin":2.926886,"voltage_real":15.00907}
2026-04-22T01:27:41.331Z,undefined,undefined,undefined

{"temperature":33.9375,"temp_rate":0,"vibration_g":0.006351,"voltage_raw":3632,"voltage_pin":2.926886,"voltage_real":15.00907}
2026-04-22T01:27:43.500Z,undefined,undefined,undefined

{"temperature":34,"temp_rate":0.029165,"vibration_g":0.006351,"voltage_raw":3637,"voltage_pin":2.930916,"voltage_real":15.02974}
2026-04-22T01:27:45.636Z,undefined,undefined,undefined

{"temperature":34,"temp_rate":0,"vibration_g":0.006351,"voltage_raw":3627,"voltage_pin":2.922857,"voltage_real":14.98841}
2026-04-22T01:27:47.782Z,undefined,undefined,undefined

{"temperature":34.0625,"temp_rate":0.029165,"vibration_g":0.006351,"voltage_raw":3628,"voltage_pin":2.923663,"voltage_real":14.99254}
2026-04-22T01:27:49.926Z,undefined,undefined,undefined

{"temperature":34.0625,"temp_rate":0,"vibration_g":0.006351,"voltage_raw":3625,"voltage_pin":2.921245,"voltage_real":14.98015}
2026-04-22T01:27:52.025Z,undefined,undefined,undefined

{"temperature":34.1875,"temp_rate":0.058302,"vibration_g":0.006351,"voltage_raw":3629,"voltage_pin":2.924469,"voltage_real":14.99668}
2026-04-22T01:27:54.186Z,undefined,undefined,undefined

{"temperature":34.1875,"temp_rate":0,"vibration_g":0.006351,"voltage_raw":3634,"voltage_pin":2.928498,"voltage_real":15.01734}
2026-04-22T01:27:56.319Z,undefined,undefined,undefined

{"temperature":34.25,"temp_rate":0.029165,"vibration_g":0.006351,"voltage_raw":3638,"voltage_pin":2.931722,"voltage_real":15.03387}
2026-04-22T01:27:58.455Z,undefined,undefined,undefined

{"temperature":34.25,"temp_rate":0,"vibration_g":0.006351,"voltage_raw":3634,"voltage_pin":2.928498,"voltage_real":15.01734}
2026-04-22T01:28:00.619Z,undefined,undefined,undefined

{"temperature":34.3125,"temp_rate":0.029165,"vibration_g":0.006351,"voltage_raw":3627,"voltage_pin":2.922857,"voltage_real":14.98841}
2026-04-22T01:28:02.746Z,undefined,undefined,undefined

{"temperature":34.3125,"temp_rate":0,"vibration_g":0.006351,"voltage_raw":3622,"voltage_pin":2.918828,"voltage_real":14.96775}
2026-04-22T01:28:04.949Z,undefined,undefined,undefined

{"temperature":34.4375,"temp_rate":0.058329,"vibration_g":0.006351,"voltage_raw":3618,"voltage_pin":2.915604,"voltage_real":14.95122}
2026-04-22T01:28:07.027Z,undefined,undefined,undefined

{"temperature":34.4375,"temp_rate":0,"vibration_g":0.006351,"voltage_raw":3635,"voltage_pin":2.929304,"voltage_real":15.02147}
2026-04-22T01:28:09.175Z,undefined,undefined,undefined

{"temperature":34.5,"temp_rate":0.029165,"vibration_g":0.006351,"voltage_raw":3625,"voltage_pin":2.921245,"voltage_real":14.98015}
2026-04-22T01:28:11.313Z,undefined,undefined,undefined

{"temperature":34.5,"temp_rate":0,"vibration_g":0.006351,"voltage_raw":3647,"voltage_pin":2.938974,"voltage_real":15.07106}
2026-04-22T01:28:13.455Z,undefined,undefined,undefined

{"temperature":34.5625,"temp_rate":0.029165,"vibration_g":0.006351,"voltage_raw":3632,"voltage_pin":2.926886,"voltage_real":15.00907}
2026-04-22T01:28:15.600Z,undefined,undefined,undefined

{"temperature":34.5625,"temp_rate":0,"vibration_g":0.006351,"voltage_raw":3632,"voltage_pin":2.926886,"voltage_real":15.00907}
2026-04-22T01:28:17.788Z,undefined,undefined,undefined

{"temperature":34.625,"temp_rate":0.029165,"vibration_g":0.006351,"voltage_raw":3643,"voltage_pin":2.935751,"voltage_real":15.05453}
2026-04-22T01:28:19.888Z,undefined,undefined,undefined

{"temperature":34.625,"temp_rate":0,"vibration_g":0.006351,"voltage_raw":3607,"voltage_pin":2.90674,"voltage_real":14.90576}
2026-04-22T01:28:22.083Z,undefined,undefined,undefined

{"temperature":34.625,"temp_rate":0,"vibration_g":0.006351,"voltage_raw":3635,"voltage_pin":2.929304,"voltage_real":15.02147}
2026-04-22T01:28:24.172Z,undefined,undefined,undefined

{"temperature":34.625,"temp_rate":0,"vibration_g":0.006351,"voltage_raw":3630,"voltage_pin":2.925275,"voltage_real":15.00081}
2026-04-22T01:28:26.363Z,undefined,undefined,undefined

{"temperature":34.75,"temp_rate":0.058302,"vibration_g":0.006351,"voltage_raw":3639,"voltage_pin":2.932528,"voltage_real":15.038}
2026-04-22T01:28:28.484Z,undefined,undefined,undefined

{"temperature":34.75,"temp_rate":0,"vibration_g":0.006351,"voltage_raw":3630,"voltage_pin":2.925275,"voltage_real":15.00081}
2026-04-22T01:28:30.601Z,undefined,undefined,undefined

{"temperature":34.8125,"temp_rate":0.029165,"vibration_g":0.006351,"voltage_raw":3606,"voltage_pin":2.905934,"voltage_real":14.90163}
2026-04-22T01:28:32.746Z,undefined,undefined,undefined

{"temperature":34.8125,"temp_rate":0,"vibration_g":0.006351,"voltage_raw":3623,"voltage_pin":2.919634,"voltage_real":14.97188}
2026-04-22T01:28:34.885Z,undefined,undefined,undefined

{"temperature":34.8125,"temp_rate":0,"vibration_g":0.006351,"voltage_raw":3639,"voltage_pin":2.932528,"voltage_real":15.038}
2026-04-22T01:28:37.033Z,undefined,undefined,undefined

{"temperature":34.8125,"temp_rate":0,"vibration_g":0.006351,"voltage_raw":3638,"voltage_pin":2.931722,"voltage_real":15.03387}
2026-04-22T01:28:39.174Z,undefined,undefined,undefined

{"temperature":34.875,"temp_rate":0.029165,"vibration_g":0.006351,"voltage_raw":3618,"voltage_pin":2.915604,"voltage_real":14.95122}
2026-04-22T01:28:41.348Z,undefined,undefined,undefined

{"temperature":34.875,"temp_rate":0,"vibration_g":0.006351,"voltage_raw":3629,"voltage_pin":2.924469,"voltage_real":14.99668}
2026-04-22T01:28:43.461Z,undefined,undefined,undefined

{"temperature":35,"temp_rate":0.058329,"vibration_g":0.006351,"voltage_raw":3633,"voltage_pin":2.927692,"voltage_real":15.0132}
2026-04-22T01:28:45.602Z,undefined,undefined,undefined

{"temperature":35,"temp_rate":0,"vibration_g":0.006351,"voltage_raw":3630,"voltage_pin":2.925275,"voltage_real":15.00081}
2026-04-22T01:28:47.790Z,undefined,undefined,undefined

{"temperature":35.0625,"temp_rate":0.029165,"vibration_g":0.006351,"voltage_raw":3642,"voltage_pin":2.934945,"voltage_real":15.0504}
2026-04-22T01:28:49.887Z,undefined,undefined,undefined

{"temperature":35.0625,"temp_rate":0,"vibration_g":0.006351,"voltage_raw":3632,"voltage_pin":2.926886,"voltage_real":15.00907}
2026-04-22T01:28:52.062Z,undefined,undefined,undefined

{"temperature":35.125,"temp_rate":0.029165,"vibration_g":0.006351,"voltage_raw":3643,"voltage_pin":2.935751,"voltage_real":15.05453}
2026-04-22T01:28:54.248Z,undefined,undefined,undefined

{"temperature":35.125,"temp_rate":0,"vibration_g":0.006351,"voltage_raw":3645,"voltage_pin":2.937363,"voltage_real":15.06279}
2026-04-22T01:28:56.316Z,undefined,undefined,undefined

{"temperature":35.25,"temp_rate":0.058329,"vibration_g":0.006351,"voltage_raw":3613,"voltage_pin":2.911575,"voltage_real":14.93056}
2026-04-22T01:28:58.535Z,undefined,undefined,undefined

{"temperature":35.25,"temp_rate":0,"vibration_g":0.006351,"voltage_raw":3630,"voltage_pin":2.925275,"voltage_real":15.00081}
2026-04-22T01:29:00.603Z,undefined,undefined,undefined

{"temperature":35.3125,"temp_rate":0.029165,"vibration_g":0.006351,"voltage_raw":3627,"voltage_pin":2.922857,"voltage_real":14.98841}
2026-04-22T01:29:02.746Z,undefined,undefined,undefined

{"temperature":35.3125,"temp_rate":0,"vibration_g":0.006351,"voltage_raw":3634,"voltage_pin":2.928498,"voltage_real":15.01734}
2026-04-22T01:29:04.959Z,undefined,undefined,undefined

{"temperature":35.375,"temp_rate":0.029165,"vibration_g":0.006351,"voltage_raw":3634,"voltage_pin":2.928498,"voltage_real":15.01734}
2026-04-22T01:29:07.033Z,undefined,undefined,undefined

{"temperature":35.375,"temp_rate":0,"vibration_g":0.006351,"voltage_raw":3631,"voltage_pin":2.92608,"voltage_real":15.00494}
2026-04-22T01:29:09.191Z,undefined,undefined,undefined

{"temperature":35.4375,"temp_rate":0.029165,"vibration_g":0.006351,"voltage_raw":3634,"voltage_pin":2.928498,"voltage_real":15.01734}
2026-04-22T01:29:11.341Z,undefined,undefined,undefined

{"temperature":35.4375,"temp_rate":0,"vibration_g":0.006351,"voltage_raw":3619,"voltage_pin":2.91641,"voltage_real":14.95535}
2026-04-22T01:29:13.496Z,undefined,undefined,undefined

{"temperature":35.5,"temp_rate":0.029165,"vibration_g":0.006351,"voltage_raw":3644,"voltage_pin":2.936557,"voltage_real":15.05866}
2026-04-22T01:29:15.604Z,undefined,undefined,undefined

{"temperature":35.5,"temp_rate":0,"vibration_g":0.006351,"voltage_raw":3631,"voltage_pin":2.92608,"voltage_real":15.00494}
2026-04-22T01:29:17.750Z,undefined,undefined,undefined

{"temperature":35.625,"temp_rate":0.058329,"vibration_g":0.006351,"voltage_raw":3634,"voltage_pin":2.928498,"voltage_real":15.01734}
2026-04-22T01:29:19.891Z,undefined,undefined,undefined

{"temperature":35.625,"temp_rate":0,"vibration_g":0.006351,"voltage_raw":3632,"voltage_pin":2.926886,"voltage_real":15.00907}
2026-04-22T01:29:22.113Z,undefined,undefined,undefined

{"temperature":35.75,"temp_rate":0.058329,"vibration_g":0.006351,"voltage_raw":3629,"voltage_pin":2.924469,"voltage_real":14.99668}
2026-04-22T01:29:24.176Z,undefined,undefined,undefined

{"temperature":35.75,"temp_rate":0,"vibration_g":0.006351,"voltage_raw":3632,"voltage_pin":2.926886,"voltage_real":15.00907}
2026-04-22T01:29:26.320Z,undefined,undefined,undefined

{"temperature":35.8125,"temp_rate":0.029165,"vibration_g":0.006351,"voltage_raw":3630,"voltage_pin":2.925275,"voltage_real":15.00081}
2026-04-22T01:29:28.949Z,undefined,undefined,undefined

{"temperature":35.8125,"temp_rate":0,"vibration_g":0.006351,"voltage_raw":3631,"voltage_pin":2.92608,"voltage_real":15.00494}
2026-04-22T01:29:30.603Z,undefined,undefined,undefined

{"temperature":35.875,"temp_rate":0.029165,"vibration_g":0.006351,"voltage_raw":3631,"voltage_pin":2.92608,"voltage_real":15.00494}
2026-04-22T01:29:32.749Z,undefined,undefined,undefined

{"temperature":35.875,"temp_rate":0,"vibration_g":0.006351,"voltage_raw":3632,"voltage_pin":2.926886,"voltage_real":15.00907}
2026-04-22T01:29:35.003Z,undefined,undefined,undefined

{"temperature":35.875,"temp_rate":0,"vibration_g":0.006351,"voltage_raw":3633,"voltage_pin":2.927692,"voltage_real":15.0132}
2026-04-22T01:29:37.055Z,undefined,undefined,undefined

{"temperature":35.875,"temp_rate":0,"vibration_g":0.006351,"voltage_raw":3644,"voltage_pin":2.936557,"voltage_real":15.05866}
2026-04-22T01:29:39.177Z,undefined,undefined,undefined

{"temperature":36,"temp_rate":0.058329,"vibration_g":0.006351,"voltage_raw":3631,"voltage_pin":2.92608,"voltage_real":15.00494}
2026-04-22T01:29:41.323Z,undefined,undefined,undefined

{"temperature":36,"temp_rate":0,"vibration_g":0.006351,"voltage_raw":3629,"voltage_pin":2.924469,"voltage_real":14.99668}
2026-04-22T01:29:43.463Z,undefined,undefined,undefined

{"temperature":36,"temp_rate":0,"vibration_g":0.006351,"voltage_raw":3632,"voltage_pin":2.926886,"voltage_real":15.00907}
2026-04-22T01:29:45.609Z,undefined,undefined,undefined

{"temperature":36,"temp_rate":0,"vibration_g":0.006351,"voltage_raw":3631,"voltage_pin":2.92608,"voltage_real":15.00494}
2026-04-22T01:29:47.752Z,undefined,undefined,undefined

{"temperature":36.0625,"temp_rate":0.029165,"vibration_g":0.006351,"voltage_raw":3634,"voltage_pin":2.928498,"voltage_real":15.01734}
2026-04-22T01:29:49.896Z,undefined,undefined,undefined

{"temperature":36.0625,"temp_rate":0,"vibration_g":0.006351,"voltage_raw":3638,"voltage_pin":2.931722,"voltage_real":15.03387}
2026-04-22T01:29:52.036Z,undefined,undefined,undefined

{"temperature":36.125,"temp_rate":0.029165,"vibration_g":0.006351,"voltage_raw":3639,"voltage_pin":2.932528,"voltage_real":15.038}
2026-04-22T01:29:54.180Z,undefined,undefined,undefined

{"temperature":36.125,"temp_rate":0,"vibration_g":0.006351,"voltage_raw":3632,"voltage_pin":2.926886,"voltage_real":15.00907}
2026-04-22T01:29:56.323Z,undefined,undefined,undefined

{"temperature":36.25,"temp_rate":0.058329,"vibration_g":0.006351,"voltage_raw":3629,"voltage_pin":2.924469,"voltage_real":14.99668}
2026-04-22T01:29:58.470Z,undefined,undefined,undefined

{"temperature":36.25,"temp_rate":0,"vibration_g":0.006351,"voltage_raw":3642,"voltage_pin":2.934945,"voltage_real":15.0504}
2026-04-22T01:30:00.612Z,undefined,undefined,undefined

{"temperature":36.25,"temp_rate":0,"vibration_g":0.006351,"voltage_raw":3632,"voltage_pin":2.926886,"voltage_real":15.00907}
2026-04-22T01:30:02.754Z,undefined,undefined,undefined

{"temperature":36.25,"temp_rate":0,"vibration_g":0.006351,"voltage_raw":3632,"voltage_pin":2.926886,"voltage_real":15.00907}
2026-04-22T01:30:04.896Z,undefined,undefined,undefined

{"temperature":36.375,"temp_rate":0.058329,"vibration_g":0.006351,"voltage_raw":3633,"voltage_pin":2.927692,"voltage_real":15.0132}
2026-04-22T01:30:07.040Z,undefined,undefined,undefined

{"temperature":36.375,"temp_rate":0,"vibration_g":0.006351,"voltage_raw":3634,"voltage_pin":2.928498,"voltage_real":15.01734}
2026-04-22T01:30:09.181Z,undefined,undefined,undefined

{"temperature":36.5,"temp_rate":0.058329,"vibration_g":0.006351,"voltage_raw":3632,"voltage_pin":2.926886,"voltage_real":15.00907}
2026-04-22T01:30:11.349Z,undefined,undefined,undefined

{"temperature":36.5,"temp_rate":0,"vibration_g":0.006351,"voltage_raw":3629,"voltage_pin":2.924469,"voltage_real":14.99668}
2026-04-22T01:30:13.710Z,undefined,undefined,undefined

{"temperature":36.5625,"temp_rate":0.029165,"vibration_g":0.006351,"voltage_raw":3621,"voltage_pin":2.918022,"voltage_real":14.96362}
2026-04-22T01:30:15.610Z,undefined,undefined,undefined

{"temperature":36.5625,"temp_rate":0,"vibration_g":0.006351,"voltage_raw":3631,"voltage_pin":2.92608,"voltage_real":15.00494}
2026-04-22T01:30:17.753Z,undefined,undefined,undefined

{"temperature":36.5625,"temp_rate":0,"vibration_g":0.006351,"voltage_raw":3623,"voltage_pin":2.919634,"voltage_real":14.97188}
2026-04-22T01:30:19.897Z,undefined,undefined,undefined

{"temperature":36.5625,"temp_rate":0,"vibration_g":0.006351,"voltage_raw":3015,"voltage_pin":2.42967,"voltage_real":12.45935}
2026-04-22T01:30:22.040Z,undefined,undefined,undefined

{"temperature":36.625,"temp_rate":0.029165,"vibration_g":0.006351,"voltage_raw":2993,"voltage_pin":2.411942,"voltage_real":12.36844}
2026-04-22T01:30:24.182Z,undefined,undefined,undefined

